[
  {
    "symbol": "AXLUSDT",
    "timestamp": "2025-06-11T18:22:11.858741+00:00",
    "ppwcs_score": 21,
    "stage_minus2": true,
    "stage_minus1": {
      "strength": 23.076923076923077,
      "confidence": 50.0,
      "momentum": false,
      "volume_confirmed": [
        false,
        0.0
      ],
      "technical_alignment": false
    },
    "stage_1g": false
  },
  {
    "symbol": "AUSDT",
    "timestamp": "2025-06-11T18:22:11.871560+00:00",
    "ppwcs_score": 21,
    "stage_minus2": true,
    "stage_minus1": {
      "strength": 23.076923076923077,
      "confidence": 50.0,
      "momentum": false,
      "volume_confirmed": [
        false,
        0.0
      ],
      "technical_alignment": false
    },
    "stage_1g": false
  },
  {
    "symbol": "FUSDT",
    "timestamp": "2025-06-11T18:22:11.884466+00:00",
    "ppwcs_score": 21,
    "stage_minus2": true,
    "stage_minus1": {
      "strength": 23.076923076923077,
      "confidence": 50.0,
      "momentum": false,
      "volume_confirmed": [
        false,
        0.0
      ],
      "technical_alignment": false
    },
    "stage_1g": false
  }
]