[
  {
    "symbol": "ARBUSDT",
    "timestamp": "2025-06-07T09:23:38.237746+00:00",
    "ppwcs_score": 21,
    "stage_minus2": false,
    "stage_minus1": {
      "strength": 15.384615384615385,
      "confidence": 0.0,
      "momentum": false,
      "volume_confirmed": false,
      "technical_alignment": false
    },
    "stage_1g": false
  },
  {
    "symbol": "CFXUSDT",
    "timestamp": "2025-06-07T09:23:38.240096+00:00",
    "ppwcs_score": 11,
    "stage_minus2": false,
    "stage_minus1": {
      "strength": 15.384615384615385,
      "confidence": 0.0,
      "momentum": false,
      "volume_confirmed": false,
      "technical_alignment": false
    },
    "stage_1g": false
  },
  {
    "symbol": "MOODENGUSDT",
    "timestamp": "2025-06-07T09:23:38.242674+00:00",
    "ppwcs_score": 26,
    "stage_minus2": true,
    "stage_minus1": {
      "strength": 23.076923076923077,
      "confidence": 0.0,
      "momentum": false,
      "volume_confirmed": false,
      "technical_alignment": false
    },
    "stage_1g": false
  },
  {
    "symbol": "FLMUSDT",
    "timestamp": "2025-06-07T09:23:38.245324+00:00",
    "ppwcs_score": 11,
    "stage_minus2": false,
    "stage_minus1": {
      "strength": 15.384615384615385,
      "confidence": 0.0,
      "momentum": false,
      "volume_confirmed": false,
      "technical_alignment": false
    },
    "stage_1g": false
  },
  {
    "symbol": "PUFFERUSDT",
    "timestamp": "2025-06-07T09:23:38.247872+00:00",
    "ppwcs_score": 11,
    "stage_minus2": false,
    "stage_minus1": {
      "strength": 15.384615384615385,
      "confidence": 0.0,
      "momentum": false,
      "volume_confirmed": false,
      "technical_alignment": false
    },
    "stage_1g": false
  },
  {
    "symbol": "CHILLGUYUSDT",
    "timestamp": "2025-06-07T09:23:38.250480+00:00",
    "ppwcs_score": 26,
    "stage_minus2": true,
    "stage_minus1": {
      "strength": 23.076923076923077,
      "confidence": 0.0,
      "momentum": false,
      "volume_confirmed": false,
      "technical_alignment": false
    },
    "stage_1g": false
  },
  {
    "symbol": "COOKUSDT",
    "timestamp": "2025-06-07T09:23:38.253589+00:00",
    "ppwcs_score": 11,
    "stage_minus2": false,
    "stage_minus1": {
      "strength": 15.384615384615385,
      "confidence": 0.0,
      "momentum": false,
      "volume_confirmed": false,
      "technical_alignment": false
    },
    "stage_1g": false
  },
  {
    "symbol": "DENTUSDT",
    "timestamp": "2025-06-07T09:23:38.256257+00:00",
    "ppwcs_score": 11,
    "stage_minus2": false,
    "stage_minus1": {
      "strength": 15.384615384615385,
      "confidence": 0.0,
      "momentum": false,
      "volume_confirmed": false,
      "technical_alignment": false
    },
    "stage_1g": false
  },
  {
    "symbol": "AGTUSDT",
    "timestamp": "2025-06-07T09:23:38.258917+00:00",
    "ppwcs_score": 21,
    "stage_minus2": false,
    "stage_minus1": {
      "strength": 15.384615384615385,
      "confidence": 0.0,
      "momentum": false,
      "volume_confirmed": false,
      "technical_alignment": false
    },
    "stage_1g": false
  },
  {
    "symbol": "SWARMSUSDT",
    "timestamp": "2025-06-07T09:23:38.261606+00:00",
    "ppwcs_score": 11,
    "stage_minus2": false,
    "stage_minus1": {
      "strength": 15.384615384615385,
      "confidence": 0.0,
      "momentum": false,
      "volume_confirmed": false,
      "technical_alignment": false
    },
    "stage_1g": false
  },
  {
    "symbol": "OBTUSDT",
    "timestamp": "2025-06-07T09:23:38.264402+00:00",
    "ppwcs_score": 11,
    "stage_minus2": false,
    "stage_minus1": {
      "strength": 15.384615384615385,
      "confidence": 0.0,
      "momentum": false,
      "volume_confirmed": false,
      "technical_alignment": false
    },
    "stage_1g": false
  },
  {
    "symbol": "ATHUSDT",
    "timestamp": "2025-06-07T09:23:38.267156+00:00",
    "ppwcs_score": 26,
    "stage_minus2": true,
    "stage_minus1": {
      "strength": 23.076923076923077,
      "confidence": 0.0,
      "momentum": false,
      "volume_confirmed": false,
      "technical_alignment": false
    },
    "stage_1g": false
  },
  {
    "symbol": "SPELLUSDT",
    "timestamp": "2025-06-07T09:23:38.269991+00:00",
    "ppwcs_score": 11,
    "stage_minus2": false,
    "stage_minus1": {
      "strength": 15.384615384615385,
      "confidence": 0.0,
      "momentum": false,
      "volume_confirmed": false,
      "technical_alignment": false
    },
    "stage_1g": false
  },
  {
    "symbol": "GIGAUSDT",
    "timestamp": "2025-06-07T09:23:38.272826+00:00",
    "ppwcs_score": 26,
    "stage_minus2": true,
    "stage_minus1": {
      "strength": 23.076923076923077,
      "confidence": 0.0,
      "momentum": false,
      "volume_confirmed": false,
      "technical_alignment": false
    },
    "stage_1g": false
  },
  {
    "symbol": "SNTUSDT",
    "timestamp": "2025-06-07T09:23:38.275133+00:00",
    "ppwcs_score": 11,
    "stage_minus2": false,
    "stage_minus1": {
      "strength": 15.384615384615385,
      "confidence": 0.0,
      "momentum": false,
      "volume_confirmed": false,
      "technical_alignment": false
    },
    "stage_1g": false
  },
  {
    "symbol": "LEVERUSDT",
    "timestamp": "2025-06-07T09:23:38.277594+00:00",
    "ppwcs_score": 11,
    "stage_minus2": false,
    "stage_minus1": {
      "strength": 15.384615384615385,
      "confidence": 0.0,
      "momentum": false,
      "volume_confirmed": false,
      "technical_alignment": false
    },
    "stage_1g": false
  },
  {
    "symbol": "ACTUSDT",
    "timestamp": "2025-06-07T09:23:38.279927+00:00",
    "ppwcs_score": 21,
    "stage_minus2": false,
    "stage_minus1": {
      "strength": 15.384615384615385,
      "confidence": 0.0,
      "momentum": false,
      "volume_confirmed": false,
      "technical_alignment": false
    },
    "stage_1g": false
  },
  {
    "symbol": "CKBUSDT",
    "timestamp": "2025-06-07T09:23:38.282349+00:00",
    "ppwcs_score": 11,
    "stage_minus2": false,
    "stage_minus1": {
      "strength": 15.384615384615385,
      "confidence": 0.0,
      "momentum": false,
      "volume_confirmed": false,
      "technical_alignment": false
    },
    "stage_1g": false
  },
  {
    "symbol": "STRKUSDT",
    "timestamp": "2025-06-07T09:23:38.285238+00:00",
    "ppwcs_score": 11,
    "stage_minus2": false,
    "stage_minus1": {
      "strength": 15.384615384615385,
      "confidence": 0.0,
      "momentum": false,
      "volume_confirmed": false,
      "technical_alignment": false
    },
    "stage_1g": false
  },
  {
    "symbol": "MOVEUSDT",
    "timestamp": "2025-06-07T09:23:38.288346+00:00",
    "ppwcs_score": 11,
    "stage_minus2": false,
    "stage_minus1": {
      "strength": 15.384615384615385,
      "confidence": 0.0,
      "momentum": false,
      "volume_confirmed": false,
      "technical_alignment": false
    },
    "stage_1g": false
  },
  {
    "symbol": "BDXNUSDT",
    "timestamp": "2025-06-07T09:23:38.291590+00:00",
    "ppwcs_score": 11,
    "stage_minus2": false,
    "stage_minus1": {
      "strength": 15.384615384615385,
      "confidence": 0.0,
      "momentum": false,
      "volume_confirmed": false,
      "technical_alignment": false
    },
    "stage_1g": false
  },
  {
    "symbol": "BEAMUSDT",
    "timestamp": "2025-06-07T09:23:38.294789+00:00",
    "ppwcs_score": 11,
    "stage_minus2": false,
    "stage_minus1": {
      "strength": 15.384615384615385,
      "confidence": 0.0,
      "momentum": false,
      "volume_confirmed": false,
      "technical_alignment": false
    },
    "stage_1g": false
  },
  {
    "symbol": "DOGUSDT",
    "timestamp": "2025-06-07T09:23:38.298027+00:00",
    "ppwcs_score": 11,
    "stage_minus2": false,
    "stage_minus1": {
      "strength": 15.384615384615385,
      "confidence": 0.0,
      "momentum": false,
      "volume_confirmed": false,
      "technical_alignment": false
    },
    "stage_1g": false
  },
  {
    "symbol": "FLOCKUSDT",
    "timestamp": "2025-06-07T09:23:38.301328+00:00",
    "ppwcs_score": 26,
    "stage_minus2": true,
    "stage_minus1": {
      "strength": 23.076923076923077,
      "confidence": 0.0,
      "momentum": false,
      "volume_confirmed": false,
      "technical_alignment": false
    },
    "stage_1g": false
  },
  {
    "symbol": "MYROUSDT",
    "timestamp": "2025-06-07T09:23:38.304625+00:00",
    "ppwcs_score": 11,
    "stage_minus2": false,
    "stage_minus1": {
      "strength": 15.384615384615385,
      "confidence": 0.0,
      "momentum": false,
      "volume_confirmed": false,
      "technical_alignment": false
    },
    "stage_1g": false
  },
  {
    "symbol": "SOPHUSDT",
    "timestamp": "2025-06-07T09:23:38.308048+00:00",
    "ppwcs_score": 11,
    "stage_minus2": false,
    "stage_minus1": {
      "strength": 15.384615384615385,
      "confidence": 0.0,
      "momentum": false,
      "volume_confirmed": false,
      "technical_alignment": false
    },
    "stage_1g": false
  },
  {
    "symbol": "SEIUSDT",
    "timestamp": "2025-06-07T09:23:38.310739+00:00",
    "ppwcs_score": 11,
    "stage_minus2": false,
    "stage_minus1": {
      "strength": 15.384615384615385,
      "confidence": 0.0,
      "momentum": false,
      "volume_confirmed": false,
      "technical_alignment": false
    },
    "stage_1g": false
  },
  {
    "symbol": "RFCUSDT",
    "timestamp": "2025-06-07T09:23:38.313539+00:00",
    "ppwcs_score": 11,
    "stage_minus2": false,
    "stage_minus1": {
      "strength": 15.384615384615385,
      "confidence": 0.0,
      "momentum": false,
      "volume_confirmed": false,
      "technical_alignment": false
    },
    "stage_1g": false
  },
  {
    "symbol": "ENAUSDT",
    "timestamp": "2025-06-07T09:23:38.316274+00:00",
    "ppwcs_score": 26,
    "stage_minus2": true,
    "stage_minus1": {
      "strength": 23.076923076923077,
      "confidence": 0.0,
      "momentum": false,
      "volume_confirmed": false,
      "technical_alignment": false
    },
    "stage_1g": false
  },
  {
    "symbol": "ANIMEUSDT",
    "timestamp": "2025-06-07T09:23:38.318866+00:00",
    "ppwcs_score": 21,
    "stage_minus2": false,
    "stage_minus1": {
      "strength": 15.384615384615385,
      "confidence": 0.0,
      "momentum": false,
      "volume_confirmed": false,
      "technical_alignment": false
    },
    "stage_1g": false
  },
  {
    "symbol": "BLASTUSDT",
    "timestamp": "2025-06-07T09:23:38.320713+00:00",
    "ppwcs_score": 26,
    "stage_minus2": true,
    "stage_minus1": {
      "strength": 23.076923076923077,
      "confidence": 0.0,
      "momentum": false,
      "volume_confirmed": false,
      "technical_alignment": false
    },
    "stage_1g": false
  },
  {
    "symbol": "KOMAUSDT",
    "timestamp": "2025-06-07T09:23:38.322243+00:00",
    "ppwcs_score": 11,
    "stage_minus2": false,
    "stage_minus1": {
      "strength": 15.384615384615385,
      "confidence": 0.0,
      "momentum": false,
      "volume_confirmed": false,
      "technical_alignment": false
    },
    "stage_1g": false
  },
  {
    "symbol": "GMTUSDT",
    "timestamp": "2025-06-07T09:23:38.323671+00:00",
    "ppwcs_score": 11,
    "stage_minus2": false,
    "stage_minus1": {
      "strength": 15.384615384615385,
      "confidence": 0.0,
      "momentum": false,
      "volume_confirmed": false,
      "technical_alignment": false
    },
    "stage_1g": false
  },
  {
    "symbol": "IOSTUSDT",
    "timestamp": "2025-06-07T09:23:38.325124+00:00",
    "ppwcs_score": 11,
    "stage_minus2": false,
    "stage_minus1": {
      "strength": 15.384615384615385,
      "confidence": 0.0,
      "momentum": false,
      "volume_confirmed": false,
      "technical_alignment": false
    },
    "stage_1g": false
  },
  {
    "symbol": "RVNUSDT",
    "timestamp": "2025-06-07T09:23:38.326642+00:00",
    "ppwcs_score": 11,
    "stage_minus2": false,
    "stage_minus1": {
      "strength": 15.384615384615385,
      "confidence": 0.0,
      "momentum": false,
      "volume_confirmed": false,
      "technical_alignment": false
    },
    "stage_1g": false
  },
  {
    "symbol": "SLPUSDT",
    "timestamp": "2025-06-07T09:23:38.328080+00:00",
    "ppwcs_score": 11,
    "stage_minus2": false,
    "stage_minus1": {
      "strength": 15.384615384615385,
      "confidence": 0.0,
      "momentum": false,
      "volume_confirmed": false,
      "technical_alignment": false
    },
    "stage_1g": false
  },
  {
    "symbol": "HOTUSDT",
    "timestamp": "2025-06-07T09:23:38.329587+00:00",
    "ppwcs_score": 11,
    "stage_minus2": false,
    "stage_minus1": {
      "strength": 15.384615384615385,
      "confidence": 0.0,
      "momentum": false,
      "volume_confirmed": false,
      "technical_alignment": false
    },
    "stage_1g": false
  },
  {
    "symbol": "SUIUSDT",
    "timestamp": "2025-06-07T09:23:38.331910+00:00",
    "ppwcs_score": 11,
    "stage_minus2": false,
    "stage_minus1": {
      "strength": 15.384615384615385,
      "confidence": 0.0,
      "momentum": false,
      "volume_confirmed": false,
      "technical_alignment": false
    },
    "stage_1g": false
  },
  {
    "symbol": "KASUSDT",
    "timestamp": "2025-06-07T09:23:38.333472+00:00",
    "ppwcs_score": 11,
    "stage_minus2": false,
    "stage_minus1": {
      "strength": 15.384615384615385,
      "confidence": 0.0,
      "momentum": false,
      "volume_confirmed": false,
      "technical_alignment": false
    },
    "stage_1g": false
  },
  {
    "symbol": "EPTUSDT",
    "timestamp": "2025-06-07T09:23:38.334920+00:00",
    "ppwcs_score": 11,
    "stage_minus2": false,
    "stage_minus1": {
      "strength": 15.384615384615385,
      "confidence": 0.0,
      "momentum": false,
      "volume_confirmed": false,
      "technical_alignment": false
    },
    "stage_1g": false
  },
  {
    "symbol": "MASKUSDT",
    "timestamp": "2025-06-07T09:23:38.336414+00:00",
    "ppwcs_score": 11,
    "stage_minus2": false,
    "stage_minus1": {
      "strength": 15.384615384615385,
      "confidence": 0.0,
      "momentum": false,
      "volume_confirmed": false,
      "technical_alignment": false
    },
    "stage_1g": false
  },
  {
    "symbol": "JASMYUSDT",
    "timestamp": "2025-06-07T09:23:38.337967+00:00",
    "ppwcs_score": 11,
    "stage_minus2": false,
    "stage_minus1": {
      "strength": 15.384615384615385,
      "confidence": 0.0,
      "momentum": false,
      "volume_confirmed": false,
      "technical_alignment": false
    },
    "stage_1g": false
  },
  {
    "symbol": "LISTAUSDT",
    "timestamp": "2025-06-07T09:23:38.339467+00:00",
    "ppwcs_score": 11,
    "stage_minus2": false,
    "stage_minus1": {
      "strength": 15.384615384615385,
      "confidence": 0.0,
      "momentum": false,
      "volume_confirmed": false,
      "technical_alignment": false
    },
    "stage_1g": false
  },
  {
    "symbol": "GALAUSDT",
    "timestamp": "2025-06-07T09:23:38.340965+00:00",
    "ppwcs_score": 26,
    "stage_minus2": true,
    "stage_minus1": {
      "strength": 23.076923076923077,
      "confidence": 0.0,
      "momentum": false,
      "volume_confirmed": false,
      "technical_alignment": false
    },
    "stage_1g": false
  },
  {
    "symbol": "HAEDALUSDT",
    "timestamp": "2025-06-07T09:23:38.342471+00:00",
    "ppwcs_score": 11,
    "stage_minus2": false,
    "stage_minus1": {
      "strength": 15.384615384615385,
      "confidence": 0.0,
      "momentum": false,
      "volume_confirmed": false,
      "technical_alignment": false
    },
    "stage_1g": false
  },
  {
    "symbol": "BRETTUSDT",
    "timestamp": "2025-06-07T09:23:38.343991+00:00",
    "ppwcs_score": 11,
    "stage_minus2": false,
    "stage_minus1": {
      "strength": 15.384615384615385,
      "confidence": 0.0,
      "momentum": false,
      "volume_confirmed": false,
      "technical_alignment": false
    },
    "stage_1g": false
  },
  {
    "symbol": "HUMAUSDT",
    "timestamp": "2025-06-07T09:23:38.345611+00:00",
    "ppwcs_score": 11,
    "stage_minus2": false,
    "stage_minus1": {
      "strength": 15.384615384615385,
      "confidence": 0.0,
      "momentum": false,
      "volume_confirmed": false,
      "technical_alignment": false
    },
    "stage_1g": false
  },
  {
    "symbol": "ICXUSDT",
    "timestamp": "2025-06-07T09:23:38.347152+00:00",
    "ppwcs_score": 11,
    "stage_minus2": false,
    "stage_minus1": {
      "strength": 15.384615384615385,
      "confidence": 0.0,
      "momentum": false,
      "volume_confirmed": false,
      "technical_alignment": false
    },
    "stage_1g": false
  },
  {
    "symbol": "BEAMUSDT",
    "timestamp": "2025-06-07T09:36:29.623338+00:00",
    "ppwcs_score": 11,
    "stage_minus2": false,
    "stage_minus1": {
      "strength": 15.384615384615385,
      "confidence": 0.0,
      "momentum": false,
      "volume_confirmed": false,
      "technical_alignment": false
    },
    "stage_1g": false
  },
  {
    "symbol": "SEIUSDT",
    "timestamp": "2025-06-07T09:36:29.625081+00:00",
    "ppwcs_score": 11,
    "stage_minus2": false,
    "stage_minus1": {
      "strength": 15.384615384615385,
      "confidence": 0.0,
      "momentum": false,
      "volume_confirmed": false,
      "technical_alignment": false
    },
    "stage_1g": false
  },
  {
    "symbol": "CKBUSDT",
    "timestamp": "2025-06-07T09:36:29.626757+00:00",
    "ppwcs_score": 11,
    "stage_minus2": false,
    "stage_minus1": {
      "strength": 15.384615384615385,
      "confidence": 0.0,
      "momentum": false,
      "volume_confirmed": false,
      "technical_alignment": false
    },
    "stage_1g": false
  },
  {
    "symbol": "PORTALUSDT",
    "timestamp": "2025-06-07T09:36:29.628451+00:00",
    "ppwcs_score": 11,
    "stage_minus2": false,
    "stage_minus1": {
      "strength": 15.384615384615385,
      "confidence": 0.0,
      "momentum": false,
      "volume_confirmed": false,
      "technical_alignment": false
    },
    "stage_1g": false
  },
  {
    "symbol": "DENTUSDT",
    "timestamp": "2025-06-07T09:36:29.630095+00:00",
    "ppwcs_score": 11,
    "stage_minus2": false,
    "stage_minus1": {
      "strength": 15.384615384615385,
      "confidence": 0.0,
      "momentum": false,
      "volume_confirmed": false,
      "technical_alignment": false
    },
    "stage_1g": false
  },
  {
    "symbol": "ALUUSDT",
    "timestamp": "2025-06-07T09:36:29.631854+00:00",
    "ppwcs_score": 21,
    "stage_minus2": false,
    "stage_minus1": {
      "strength": 15.384615384615385,
      "confidence": 0.0,
      "momentum": false,
      "volume_confirmed": false,
      "technical_alignment": false
    },
    "stage_1g": false
  },
  {
    "symbol": "LEVERUSDT",
    "timestamp": "2025-06-07T09:36:29.633547+00:00",
    "ppwcs_score": 11,
    "stage_minus2": false,
    "stage_minus1": {
      "strength": 15.384615384615385,
      "confidence": 0.0,
      "momentum": false,
      "volume_confirmed": false,
      "technical_alignment": false
    },
    "stage_1g": false
  },
  {
    "symbol": "PHAUSDT",
    "timestamp": "2025-06-07T09:36:29.635250+00:00",
    "ppwcs_score": 26,
    "stage_minus2": true,
    "stage_minus1": {
      "strength": 23.076923076923077,
      "confidence": 0.0,
      "momentum": false,
      "volume_confirmed": false,
      "technical_alignment": false
    },
    "stage_1g": false
  },
  {
    "symbol": "AGTUSDT",
    "timestamp": "2025-06-07T09:36:29.636933+00:00",
    "ppwcs_score": 21,
    "stage_minus2": false,
    "stage_minus1": {
      "strength": 15.384615384615385,
      "confidence": 0.0,
      "momentum": false,
      "volume_confirmed": false,
      "technical_alignment": false
    },
    "stage_1g": false
  },
  {
    "symbol": "FLOCKUSDT",
    "timestamp": "2025-06-07T09:36:29.638651+00:00",
    "ppwcs_score": 26,
    "stage_minus2": true,
    "stage_minus1": {
      "strength": 23.076923076923077,
      "confidence": 0.0,
      "momentum": false,
      "volume_confirmed": false,
      "technical_alignment": false
    },
    "stage_1g": false
  },
  {
    "symbol": "RVNUSDT",
    "timestamp": "2025-06-07T09:36:29.640398+00:00",
    "ppwcs_score": 11,
    "stage_minus2": false,
    "stage_minus1": {
      "strength": 15.384615384615385,
      "confidence": 0.0,
      "momentum": false,
      "volume_confirmed": false,
      "technical_alignment": false
    },
    "stage_1g": false
  },
  {
    "symbol": "HUMAUSDT",
    "timestamp": "2025-06-07T09:36:29.642148+00:00",
    "ppwcs_score": 11,
    "stage_minus2": false,
    "stage_minus1": {
      "strength": 15.384615384615385,
      "confidence": 0.0,
      "momentum": false,
      "volume_confirmed": false,
      "technical_alignment": false
    },
    "stage_1g": false
  },
  {
    "symbol": "BDXNUSDT",
    "timestamp": "2025-06-07T09:36:29.643966+00:00",
    "ppwcs_score": 11,
    "stage_minus2": false,
    "stage_minus1": {
      "strength": 15.384615384615385,
      "confidence": 0.0,
      "momentum": false,
      "volume_confirmed": false,
      "technical_alignment": false
    },
    "stage_1g": false
  },
  {
    "symbol": "BRETTUSDT",
    "timestamp": "2025-06-07T09:36:29.645731+00:00",
    "ppwcs_score": 11,
    "stage_minus2": false,
    "stage_minus1": {
      "strength": 15.384615384615385,
      "confidence": 0.0,
      "momentum": false,
      "volume_confirmed": false,
      "technical_alignment": false
    },
    "stage_1g": false
  },
  {
    "symbol": "NEIROETHUSDT",
    "timestamp": "2025-06-07T09:36:29.647538+00:00",
    "ppwcs_score": 11,
    "stage_minus2": false,
    "stage_minus1": {
      "strength": 15.384615384615385,
      "confidence": 0.0,
      "momentum": false,
      "volume_confirmed": false,
      "technical_alignment": false
    },
    "stage_1g": false
  },
  {
    "symbol": "SPELLUSDT",
    "timestamp": "2025-06-07T09:36:29.649322+00:00",
    "ppwcs_score": 11,
    "stage_minus2": false,
    "stage_minus1": {
      "strength": 15.384615384615385,
      "confidence": 0.0,
      "momentum": false,
      "volume_confirmed": false,
      "technical_alignment": false
    },
    "stage_1g": false
  },
  {
    "symbol": "ANIMEUSDT",
    "timestamp": "2025-06-07T09:36:29.651109+00:00",
    "ppwcs_score": 21,
    "stage_minus2": false,
    "stage_minus1": {
      "strength": 15.384615384615385,
      "confidence": 0.0,
      "momentum": false,
      "volume_confirmed": false,
      "technical_alignment": false
    },
    "stage_1g": false
  },
  {
    "symbol": "MYROUSDT",
    "timestamp": "2025-06-07T09:36:29.652920+00:00",
    "ppwcs_score": 11,
    "stage_minus2": false,
    "stage_minus1": {
      "strength": 15.384615384615385,
      "confidence": 0.0,
      "momentum": false,
      "volume_confirmed": false,
      "technical_alignment": false
    },
    "stage_1g": false
  },
  {
    "symbol": "CFXUSDT",
    "timestamp": "2025-06-07T09:36:29.654742+00:00",
    "ppwcs_score": 11,
    "stage_minus2": false,
    "stage_minus1": {
      "strength": 15.384615384615385,
      "confidence": 0.0,
      "momentum": false,
      "volume_confirmed": false,
      "technical_alignment": false
    },
    "stage_1g": false
  },
  {
    "symbol": "REZUSDT",
    "timestamp": "2025-06-07T09:36:29.656665+00:00",
    "ppwcs_score": 11,
    "stage_minus2": false,
    "stage_minus1": {
      "strength": 15.384615384615385,
      "confidence": 0.0,
      "momentum": false,
      "volume_confirmed": false,
      "technical_alignment": false
    },
    "stage_1g": false
  },
  {
    "symbol": "KASUSDT",
    "timestamp": "2025-06-07T09:36:29.658496+00:00",
    "ppwcs_score": 11,
    "stage_minus2": false,
    "stage_minus1": {
      "strength": 15.384615384615385,
      "confidence": 0.0,
      "momentum": false,
      "volume_confirmed": false,
      "technical_alignment": false
    },
    "stage_1g": false
  },
  {
    "symbol": "SOPHUSDT",
    "timestamp": "2025-06-07T09:36:29.660345+00:00",
    "ppwcs_score": 11,
    "stage_minus2": false,
    "stage_minus1": {
      "strength": 15.384615384615385,
      "confidence": 0.0,
      "momentum": false,
      "volume_confirmed": false,
      "technical_alignment": false
    },
    "stage_1g": false
  },
  {
    "symbol": "GALAUSDT",
    "timestamp": "2025-06-07T09:36:29.662354+00:00",
    "ppwcs_score": 26,
    "stage_minus2": false,
    "stage_minus1": {
      "strength": 15.384615384615385,
      "confidence": 0.0,
      "momentum": false,
      "volume_confirmed": false,
      "technical_alignment": false
    },
    "stage_1g": false
  },
  {
    "symbol": "RFCUSDT",
    "timestamp": "2025-06-07T09:36:29.664253+00:00",
    "ppwcs_score": 11,
    "stage_minus2": false,
    "stage_minus1": {
      "strength": 15.384615384615385,
      "confidence": 0.0,
      "momentum": false,
      "volume_confirmed": false,
      "technical_alignment": false
    },
    "stage_1g": false
  },
  {
    "symbol": "ATHUSDT",
    "timestamp": "2025-06-07T09:36:29.666275+00:00",
    "ppwcs_score": 26,
    "stage_minus2": false,
    "stage_minus1": {
      "strength": 15.384615384615385,
      "confidence": 0.0,
      "momentum": false,
      "volume_confirmed": false,
      "technical_alignment": false
    },
    "stage_1g": false
  },
  {
    "symbol": "ENAUSDT",
    "timestamp": "2025-06-07T09:36:29.668322+00:00",
    "ppwcs_score": 26,
    "stage_minus2": false,
    "stage_minus1": {
      "strength": 15.384615384615385,
      "confidence": 0.0,
      "momentum": false,
      "volume_confirmed": false,
      "technical_alignment": false
    },
    "stage_1g": false
  },
  {
    "symbol": "CHESSUSDT",
    "timestamp": "2025-06-07T09:36:29.670307+00:00",
    "ppwcs_score": 11,
    "stage_minus2": false,
    "stage_minus1": {
      "strength": 15.384615384615385,
      "confidence": 0.0,
      "momentum": false,
      "volume_confirmed": false,
      "technical_alignment": false
    },
    "stage_1g": false
  },
  {
    "symbol": "GMTUSDT",
    "timestamp": "2025-06-07T09:36:29.672238+00:00",
    "ppwcs_score": 11,
    "stage_minus2": false,
    "stage_minus1": {
      "strength": 15.384615384615385,
      "confidence": 0.0,
      "momentum": false,
      "volume_confirmed": false,
      "technical_alignment": false
    },
    "stage_1g": false
  },
  {
    "symbol": "SIGNUSDT",
    "timestamp": "2025-06-07T09:36:29.674301+00:00",
    "ppwcs_score": 11,
    "stage_minus2": false,
    "stage_minus1": {
      "strength": 15.384615384615385,
      "confidence": 0.0,
      "momentum": false,
      "volume_confirmed": false,
      "technical_alignment": false
    },
    "stage_1g": false
  },
  {
    "symbol": "MOODENGUSDT",
    "timestamp": "2025-06-07T09:36:29.676364+00:00",
    "ppwcs_score": 26,
    "stage_minus2": true,
    "stage_minus1": {
      "strength": 23.076923076923077,
      "confidence": 0.0,
      "momentum": false,
      "volume_confirmed": false,
      "technical_alignment": false
    },
    "stage_1g": false
  },
  {
    "symbol": "COOKUSDT",
    "timestamp": "2025-06-07T09:36:29.678460+00:00",
    "ppwcs_score": 11,
    "stage_minus2": false,
    "stage_minus1": {
      "strength": 15.384615384615385,
      "confidence": 0.0,
      "momentum": false,
      "volume_confirmed": false,
      "technical_alignment": false
    },
    "stage_1g": false
  },
  {
    "symbol": "CHILLGUYUSDT",
    "timestamp": "2025-06-07T09:36:29.680674+00:00",
    "ppwcs_score": 26,
    "stage_minus2": true,
    "stage_minus1": {
      "strength": 23.076923076923077,
      "confidence": 0.0,
      "momentum": false,
      "volume_confirmed": false,
      "technical_alignment": false
    },
    "stage_1g": false
  },
  {
    "symbol": "BLASTUSDT",
    "timestamp": "2025-06-07T09:36:29.682781+00:00",
    "ppwcs_score": 26,
    "stage_minus2": true,
    "stage_minus1": {
      "strength": 23.076923076923077,
      "confidence": 0.0,
      "momentum": false,
      "volume_confirmed": false,
      "technical_alignment": false
    },
    "stage_1g": false
  },
  {
    "symbol": "HOTUSDT",
    "timestamp": "2025-06-07T09:36:29.684947+00:00",
    "ppwcs_score": 11,
    "stage_minus2": false,
    "stage_minus1": {
      "strength": 15.384615384615385,
      "confidence": 0.0,
      "momentum": false,
      "volume_confirmed": false,
      "technical_alignment": false
    },
    "stage_1g": false
  },
  {
    "symbol": "IOSTUSDT",
    "timestamp": "2025-06-07T09:36:29.687102+00:00",
    "ppwcs_score": 11,
    "stage_minus2": false,
    "stage_minus1": {
      "strength": 15.384615384615385,
      "confidence": 0.0,
      "momentum": false,
      "volume_confirmed": false,
      "technical_alignment": false
    },
    "stage_1g": false
  },
  {
    "symbol": "SWELLUSDT",
    "timestamp": "2025-06-07T09:36:29.689239+00:00",
    "ppwcs_score": 11,
    "stage_minus2": false,
    "stage_minus1": {
      "strength": 15.384615384615385,
      "confidence": 0.0,
      "momentum": false,
      "volume_confirmed": false,
      "technical_alignment": false
    },
    "stage_1g": false
  },
  {
    "symbol": "JASMYUSDT",
    "timestamp": "2025-06-07T09:36:29.691359+00:00",
    "ppwcs_score": 11,
    "stage_minus2": false,
    "stage_minus1": {
      "strength": 15.384615384615385,
      "confidence": 0.0,
      "momentum": false,
      "volume_confirmed": false,
      "technical_alignment": false
    },
    "stage_1g": false
  },
  {
    "symbol": "FLMUSDT",
    "timestamp": "2025-06-07T09:36:29.693584+00:00",
    "ppwcs_score": 11,
    "stage_minus2": false,
    "stage_minus1": {
      "strength": 15.384615384615385,
      "confidence": 0.0,
      "momentum": false,
      "volume_confirmed": false,
      "technical_alignment": false
    },
    "stage_1g": false
  },
  {
    "symbol": "OBTUSDT",
    "timestamp": "2025-06-07T09:36:29.695784+00:00",
    "ppwcs_score": 11,
    "stage_minus2": false,
    "stage_minus1": {
      "strength": 15.384615384615385,
      "confidence": 0.0,
      "momentum": false,
      "volume_confirmed": false,
      "technical_alignment": false
    },
    "stage_1g": false
  },
  {
    "symbol": "DOGUSDT",
    "timestamp": "2025-06-07T09:36:29.697958+00:00",
    "ppwcs_score": 11,
    "stage_minus2": false,
    "stage_minus1": {
      "strength": 15.384615384615385,
      "confidence": 0.0,
      "momentum": false,
      "volume_confirmed": false,
      "technical_alignment": false
    },
    "stage_1g": false
  },
  {
    "symbol": "SWARMSUSDT",
    "timestamp": "2025-06-07T09:36:29.700198+00:00",
    "ppwcs_score": 11,
    "stage_minus2": false,
    "stage_minus1": {
      "strength": 15.384615384615385,
      "confidence": 0.0,
      "momentum": false,
      "volume_confirmed": false,
      "technical_alignment": false
    },
    "stage_1g": false
  },
  {
    "symbol": "EPTUSDT",
    "timestamp": "2025-06-07T09:36:29.702450+00:00",
    "ppwcs_score": 11,
    "stage_minus2": false,
    "stage_minus1": {
      "strength": 15.384615384615385,
      "confidence": 0.0,
      "momentum": false,
      "volume_confirmed": false,
      "technical_alignment": false
    },
    "stage_1g": false
  },
  {
    "symbol": "NEIROETHUSDT",
    "timestamp": "2025-06-07T09:55:12.308338+00:00",
    "ppwcs_score": 11,
    "stage_minus2": false,
    "stage_minus1": {
      "strength": 15.384615384615385,
      "confidence": 0.0,
      "momentum": false,
      "volume_confirmed": false,
      "technical_alignment": false
    },
    "stage_1g": false
  },
  {
    "symbol": "BLASTUSDT",
    "timestamp": "2025-06-07T09:55:12.314662+00:00",
    "ppwcs_score": 26,
    "stage_minus2": false,
    "stage_minus1": {
      "strength": 15.384615384615385,
      "confidence": 0.0,
      "momentum": false,
      "volume_confirmed": false,
      "technical_alignment": false
    },
    "stage_1g": false
  },
  {
    "symbol": "PORTALUSDT",
    "timestamp": "2025-06-07T09:55:12.320246+00:00",
    "ppwcs_score": 11,
    "stage_minus2": false,
    "stage_minus1": {
      "strength": 15.384615384615385,
      "confidence": 0.0,
      "momentum": false,
      "volume_confirmed": false,
      "technical_alignment": false
    },
    "stage_1g": false
  },
  {
    "symbol": "CFXUSDT",
    "timestamp": "2025-06-07T09:55:12.325826+00:00",
    "ppwcs_score": 11,
    "stage_minus2": false,
    "stage_minus1": {
      "strength": 15.384615384615385,
      "confidence": 0.0,
      "momentum": false,
      "volume_confirmed": false,
      "technical_alignment": false
    },
    "stage_1g": false
  },
  {
    "symbol": "LEVERUSDT",
    "timestamp": "2025-06-07T09:55:12.331492+00:00",
    "ppwcs_score": 11,
    "stage_minus2": false,
    "stage_minus1": {
      "strength": 15.384615384615385,
      "confidence": 0.0,
      "momentum": false,
      "volume_confirmed": false,
      "technical_alignment": false
    },
    "stage_1g": false
  },
  {
    "symbol": "ATHUSDT",
    "timestamp": "2025-06-07T09:55:12.337289+00:00",
    "ppwcs_score": 26,
    "stage_minus2": false,
    "stage_minus1": {
      "strength": 15.384615384615385,
      "confidence": 0.0,
      "momentum": false,
      "volume_confirmed": false,
      "technical_alignment": false
    },
    "stage_1g": false
  },
  {
    "symbol": "DENTUSDT",
    "timestamp": "2025-06-07T09:55:12.342926+00:00",
    "ppwcs_score": 11,
    "stage_minus2": false,
    "stage_minus1": {
      "strength": 15.384615384615385,
      "confidence": 0.0,
      "momentum": false,
      "volume_confirmed": false,
      "technical_alignment": false
    },
    "stage_1g": false
  },
  {
    "symbol": "SOPHUSDT",
    "timestamp": "2025-06-07T09:55:12.348697+00:00",
    "ppwcs_score": 11,
    "stage_minus2": false,
    "stage_minus1": {
      "strength": 15.384615384615385,
      "confidence": 0.0,
      "momentum": false,
      "volume_confirmed": false,
      "technical_alignment": false
    },
    "stage_1g": false
  },
  {
    "symbol": "CKBUSDT",
    "timestamp": "2025-06-07T09:55:12.353154+00:00",
    "ppwcs_score": 11,
    "stage_minus2": false,
    "stage_minus1": {
      "strength": 15.384615384615385,
      "confidence": 0.0,
      "momentum": false,
      "volume_confirmed": false,
      "technical_alignment": false
    },
    "stage_1g": false
  },
  {
    "symbol": "AGTUSDT",
    "timestamp": "2025-06-07T09:55:12.357676+00:00",
    "ppwcs_score": 21,
    "stage_minus2": false,
    "stage_minus1": {
      "strength": 15.384615384615385,
      "confidence": 0.0,
      "momentum": false,
      "volume_confirmed": false,
      "technical_alignment": false
    },
    "stage_1g": false
  },
  {
    "symbol": "ALICEUSDT",
    "timestamp": "2025-06-07T09:55:12.360549+00:00",
    "ppwcs_score": 21,
    "stage_minus2": false,
    "stage_minus1": {
      "strength": 15.384615384615385,
      "confidence": 0.0,
      "momentum": false,
      "volume_confirmed": false,
      "technical_alignment": false
    },
    "stage_1g": false
  },
  {
    "symbol": "SIGNUSDT",
    "timestamp": "2025-06-07T09:55:12.362898+00:00",
    "ppwcs_score": 11,
    "stage_minus2": false,
    "stage_minus1": {
      "strength": 15.384615384615385,
      "confidence": 0.0,
      "momentum": false,
      "volume_confirmed": false,
      "technical_alignment": false
    },
    "stage_1g": false
  },
  {
    "symbol": "SWARMSUSDT",
    "timestamp": "2025-06-07T09:55:12.365225+00:00",
    "ppwcs_score": 11,
    "stage_minus2": false,
    "stage_minus1": {
      "strength": 15.384615384615385,
      "confidence": 0.0,
      "momentum": false,
      "volume_confirmed": false,
      "technical_alignment": false
    },
    "stage_1g": false
  },
  {
    "symbol": "SUIUSDT",
    "timestamp": "2025-06-07T09:55:12.367553+00:00",
    "ppwcs_score": 11,
    "stage_minus2": false,
    "stage_minus1": {
      "strength": 15.384615384615385,
      "confidence": 0.0,
      "momentum": false,
      "volume_confirmed": false,
      "technical_alignment": false
    },
    "stage_1g": false
  },
  {
    "symbol": "CHESSUSDT",
    "timestamp": "2025-06-07T09:55:12.369908+00:00",
    "ppwcs_score": 11,
    "stage_minus2": false,
    "stage_minus1": {
      "strength": 15.384615384615385,
      "confidence": 0.0,
      "momentum": false,
      "volume_confirmed": false,
      "technical_alignment": false
    },
    "stage_1g": false
  },
  {
    "symbol": "EPTUSDT",
    "timestamp": "2025-06-07T09:55:12.372263+00:00",
    "ppwcs_score": 11,
    "stage_minus2": false,
    "stage_minus1": {
      "strength": 15.384615384615385,
      "confidence": 0.0,
      "momentum": false,
      "volume_confirmed": false,
      "technical_alignment": false
    },
    "stage_1g": false
  },
  {
    "symbol": "BDXNUSDT",
    "timestamp": "2025-06-07T09:55:12.374719+00:00",
    "ppwcs_score": 11,
    "stage_minus2": false,
    "stage_minus1": {
      "strength": 15.384615384615385,
      "confidence": 0.0,
      "momentum": false,
      "volume_confirmed": false,
      "technical_alignment": false
    },
    "stage_1g": false
  },
  {
    "symbol": "OBTUSDT",
    "timestamp": "2025-06-07T09:55:12.377159+00:00",
    "ppwcs_score": 11,
    "stage_minus2": false,
    "stage_minus1": {
      "strength": 15.384615384615385,
      "confidence": 0.0,
      "momentum": false,
      "volume_confirmed": false,
      "technical_alignment": false
    },
    "stage_1g": false
  },
  {
    "symbol": "MOODENGUSDT",
    "timestamp": "2025-06-07T09:55:12.379506+00:00",
    "ppwcs_score": 26,
    "stage_minus2": false,
    "stage_minus1": {
      "strength": 15.384615384615385,
      "confidence": 0.0,
      "momentum": false,
      "volume_confirmed": false,
      "technical_alignment": false
    },
    "stage_1g": false
  },
  {
    "symbol": "SPELLUSDT",
    "timestamp": "2025-06-07T09:55:12.381868+00:00",
    "ppwcs_score": 11,
    "stage_minus2": false,
    "stage_minus1": {
      "strength": 15.384615384615385,
      "confidence": 0.0,
      "momentum": false,
      "volume_confirmed": false,
      "technical_alignment": false
    },
    "stage_1g": false
  },
  {
    "symbol": "CHZUSDT",
    "timestamp": "2025-06-07T09:55:12.384321+00:00",
    "ppwcs_score": 11,
    "stage_minus2": false,
    "stage_minus1": {
      "strength": 15.384615384615385,
      "confidence": 0.0,
      "momentum": false,
      "volume_confirmed": false,
      "technical_alignment": false
    },
    "stage_1g": false
  },
  {
    "symbol": "RFCUSDT",
    "timestamp": "2025-06-07T09:55:12.386694+00:00",
    "ppwcs_score": 11,
    "stage_minus2": false,
    "stage_minus1": {
      "strength": 15.384615384615385,
      "confidence": 0.0,
      "momentum": false,
      "volume_confirmed": false,
      "technical_alignment": false
    },
    "stage_1g": false
  },
  {
    "symbol": "FLMUSDT",
    "timestamp": "2025-06-07T09:55:12.389081+00:00",
    "ppwcs_score": 11,
    "stage_minus2": false,
    "stage_minus1": {
      "strength": 15.384615384615385,
      "confidence": 0.0,
      "momentum": false,
      "volume_confirmed": false,
      "technical_alignment": false
    },
    "stage_1g": false
  },
  {
    "symbol": "IOSTUSDT",
    "timestamp": "2025-06-07T09:55:12.391567+00:00",
    "ppwcs_score": 11,
    "stage_minus2": false,
    "stage_minus1": {
      "strength": 15.384615384615385,
      "confidence": 0.0,
      "momentum": false,
      "volume_confirmed": false,
      "technical_alignment": false
    },
    "stage_1g": false
  },
  {
    "symbol": "ENAUSDT",
    "timestamp": "2025-06-07T09:55:12.393968+00:00",
    "ppwcs_score": 26,
    "stage_minus2": false,
    "stage_minus1": {
      "strength": 15.384615384615385,
      "confidence": 0.0,
      "momentum": false,
      "volume_confirmed": false,
      "technical_alignment": false
    },
    "stage_1g": false
  },
  {
    "symbol": "BRETTUSDT",
    "timestamp": "2025-06-07T09:55:12.396411+00:00",
    "ppwcs_score": 11,
    "stage_minus2": false,
    "stage_minus1": {
      "strength": 15.384615384615385,
      "confidence": 0.0,
      "momentum": false,
      "volume_confirmed": false,
      "technical_alignment": false
    },
    "stage_1g": false
  },
  {
    "symbol": "JASMYUSDT",
    "timestamp": "2025-06-07T09:55:12.398831+00:00",
    "ppwcs_score": 11,
    "stage_minus2": false,
    "stage_minus1": {
      "strength": 15.384615384615385,
      "confidence": 0.0,
      "momentum": false,
      "volume_confirmed": false,
      "technical_alignment": false
    },
    "stage_1g": false
  },
  {
    "symbol": "CHILLGUYUSDT",
    "timestamp": "2025-06-07T09:55:12.401361+00:00",
    "ppwcs_score": 26,
    "stage_minus2": false,
    "stage_minus1": {
      "strength": 15.384615384615385,
      "confidence": 0.0,
      "momentum": false,
      "volume_confirmed": false,
      "technical_alignment": false
    },
    "stage_1g": false
  },
  {
    "symbol": "HUMAUSDT",
    "timestamp": "2025-06-07T09:55:12.403842+00:00",
    "ppwcs_score": 11,
    "stage_minus2": false,
    "stage_minus1": {
      "strength": 15.384615384615385,
      "confidence": 0.0,
      "momentum": false,
      "volume_confirmed": false,
      "technical_alignment": false
    },
    "stage_1g": false
  },
  {
    "symbol": "BEAMUSDT",
    "timestamp": "2025-06-07T09:55:12.406377+00:00",
    "ppwcs_score": 11,
    "stage_minus2": false,
    "stage_minus1": {
      "strength": 15.384615384615385,
      "confidence": 0.0,
      "momentum": false,
      "volume_confirmed": false,
      "technical_alignment": false
    },
    "stage_1g": false
  },
  {
    "symbol": "KASUSDT",
    "timestamp": "2025-06-07T09:55:12.408834+00:00",
    "ppwcs_score": 11,
    "stage_minus2": false,
    "stage_minus1": {
      "strength": 15.384615384615385,
      "confidence": 0.0,
      "momentum": false,
      "volume_confirmed": false,
      "technical_alignment": false
    },
    "stage_1g": false
  },
  {
    "symbol": "GPSUSDT",
    "timestamp": "2025-06-07T09:55:12.411339+00:00",
    "ppwcs_score": 11,
    "stage_minus2": false,
    "stage_minus1": {
      "strength": 15.384615384615385,
      "confidence": 0.0,
      "momentum": false,
      "volume_confirmed": false,
      "technical_alignment": false
    },
    "stage_1g": false
  },
  {
    "symbol": "ADAUSDT",
    "timestamp": "2025-06-07T09:55:12.413827+00:00",
    "ppwcs_score": 21,
    "stage_minus2": false,
    "stage_minus1": {
      "strength": 15.384615384615385,
      "confidence": 0.0,
      "momentum": false,
      "volume_confirmed": false,
      "technical_alignment": false
    },
    "stage_1g": false
  },
  {
    "symbol": "RVNUSDT",
    "timestamp": "2025-06-07T09:55:12.416363+00:00",
    "ppwcs_score": 11,
    "stage_minus2": false,
    "stage_minus1": {
      "strength": 15.384615384615385,
      "confidence": 0.0,
      "momentum": false,
      "volume_confirmed": false,
      "technical_alignment": false
    },
    "stage_1g": false
  },
  {
    "symbol": "ICXUSDT",
    "timestamp": "2025-06-07T09:55:12.418876+00:00",
    "ppwcs_score": 11,
    "stage_minus2": false,
    "stage_minus1": {
      "strength": 15.384615384615385,
      "confidence": 0.0,
      "momentum": false,
      "volume_confirmed": false,
      "technical_alignment": false
    },
    "stage_1g": false
  },
  {
    "symbol": "ANIMEUSDT",
    "timestamp": "2025-06-07T09:55:12.421509+00:00",
    "ppwcs_score": 21,
    "stage_minus2": false,
    "stage_minus1": {
      "strength": 15.384615384615385,
      "confidence": 0.0,
      "momentum": false,
      "volume_confirmed": false,
      "technical_alignment": false
    },
    "stage_1g": false
  },
  {
    "symbol": "RSRUSDT",
    "timestamp": "2025-06-07T09:55:12.424103+00:00",
    "ppwcs_score": 11,
    "stage_minus2": false,
    "stage_minus1": {
      "strength": 15.384615384615385,
      "confidence": 0.0,
      "momentum": false,
      "volume_confirmed": false,
      "technical_alignment": false
    },
    "stage_1g": false
  },
  {
    "symbol": "MASKUSDT",
    "timestamp": "2025-06-07T09:55:12.426693+00:00",
    "ppwcs_score": 11,
    "stage_minus2": false,
    "stage_minus1": {
      "strength": 15.384615384615385,
      "confidence": 0.0,
      "momentum": false,
      "volume_confirmed": false,
      "technical_alignment": false
    },
    "stage_1g": false
  },
  {
    "symbol": "FLOCKUSDT",
    "timestamp": "2025-06-07T09:55:12.429311+00:00",
    "ppwcs_score": 26,
    "stage_minus2": false,
    "stage_minus1": {
      "strength": 15.384615384615385,
      "confidence": 0.0,
      "momentum": false,
      "volume_confirmed": false,
      "technical_alignment": false
    },
    "stage_1g": false
  },
  {
    "symbol": "GALAUSDT",
    "timestamp": "2025-06-07T09:55:12.431922+00:00",
    "ppwcs_score": 26,
    "stage_minus2": false,
    "stage_minus1": {
      "strength": 15.384615384615385,
      "confidence": 0.0,
      "momentum": false,
      "volume_confirmed": false,
      "technical_alignment": false
    },
    "stage_1g": false
  },
  {
    "symbol": "MYROUSDT",
    "timestamp": "2025-06-07T09:55:12.434525+00:00",
    "ppwcs_score": 11,
    "stage_minus2": false,
    "stage_minus1": {
      "strength": 15.384615384615385,
      "confidence": 0.0,
      "momentum": false,
      "volume_confirmed": false,
      "technical_alignment": false
    },
    "stage_1g": false
  },
  {
    "symbol": "ARBUSDT",
    "timestamp": "2025-06-07T09:55:12.437212+00:00",
    "ppwcs_score": 21,
    "stage_minus2": false,
    "stage_minus1": {
      "strength": 15.384615384615385,
      "confidence": 0.0,
      "momentum": false,
      "volume_confirmed": false,
      "technical_alignment": false
    },
    "stage_1g": false
  },
  {
    "symbol": "LOOKSUSDT",
    "timestamp": "2025-06-07T09:55:12.439843+00:00",
    "ppwcs_score": 11,
    "stage_minus2": false,
    "stage_minus1": {
      "strength": 15.384615384615385,
      "confidence": 0.0,
      "momentum": false,
      "volume_confirmed": false,
      "technical_alignment": false
    },
    "stage_1g": false
  },
  {
    "symbol": "SIGNUSDT",
    "timestamp": "2025-06-07T09:58:01.330276+00:00",
    "ppwcs_score": 11,
    "stage_minus2": false,
    "stage_minus1": {
      "strength": 15.384615384615385,
      "confidence": 0.0,
      "momentum": false,
      "volume_confirmed": false,
      "technical_alignment": false
    },
    "stage_1g": false
  },
  {
    "symbol": "CHESSUSDT",
    "timestamp": "2025-06-07T09:58:01.337298+00:00",
    "ppwcs_score": 11,
    "stage_minus2": false,
    "stage_minus1": {
      "strength": 15.384615384615385,
      "confidence": 0.0,
      "momentum": false,
      "volume_confirmed": false,
      "technical_alignment": false
    },
    "stage_1g": false
  },
  {
    "symbol": "RSRUSDT",
    "timestamp": "2025-06-07T09:58:01.344119+00:00",
    "ppwcs_score": 11,
    "stage_minus2": false,
    "stage_minus1": {
      "strength": 15.384615384615385,
      "confidence": 0.0,
      "momentum": false,
      "volume_confirmed": false,
      "technical_alignment": false
    },
    "stage_1g": false
  },
  {
    "symbol": "FLOCKUSDT",
    "timestamp": "2025-06-07T09:58:01.350940+00:00",
    "ppwcs_score": 26,
    "stage_minus2": false,
    "stage_minus1": {
      "strength": 15.384615384615385,
      "confidence": 0.0,
      "momentum": false,
      "volume_confirmed": false,
      "technical_alignment": false
    },
    "stage_1g": false
  },
  {
    "symbol": "HUMAUSDT",
    "timestamp": "2025-06-07T09:58:01.357852+00:00",
    "ppwcs_score": 11,
    "stage_minus2": false,
    "stage_minus1": {
      "strength": 15.384615384615385,
      "confidence": 0.0,
      "momentum": false,
      "volume_confirmed": false,
      "technical_alignment": false
    },
    "stage_1g": false
  },
  {
    "symbol": "SOPHUSDT",
    "timestamp": "2025-06-07T09:58:01.364952+00:00",
    "ppwcs_score": 11,
    "stage_minus2": false,
    "stage_minus1": {
      "strength": 15.384615384615385,
      "confidence": 0.0,
      "momentum": false,
      "volume_confirmed": false,
      "technical_alignment": false
    },
    "stage_1g": false
  },
  {
    "symbol": "BLASTUSDT",
    "timestamp": "2025-06-07T09:58:01.370677+00:00",
    "ppwcs_score": 26,
    "stage_minus2": false,
    "stage_minus1": {
      "strength": 15.384615384615385,
      "confidence": 0.0,
      "momentum": false,
      "volume_confirmed": false,
      "technical_alignment": false
    },
    "stage_1g": false
  },
  {
    "symbol": "IOSTUSDT",
    "timestamp": "2025-06-07T09:58:01.376190+00:00",
    "ppwcs_score": 11,
    "stage_minus2": false,
    "stage_minus1": {
      "strength": 15.384615384615385,
      "confidence": 0.0,
      "momentum": false,
      "volume_confirmed": false,
      "technical_alignment": false
    },
    "stage_1g": false
  },
  {
    "symbol": "ENAUSDT",
    "timestamp": "2025-06-07T09:58:01.379105+00:00",
    "ppwcs_score": 26,
    "stage_minus2": false,
    "stage_minus1": {
      "strength": 15.384615384615385,
      "confidence": 0.0,
      "momentum": false,
      "volume_confirmed": false,
      "technical_alignment": false
    },
    "stage_1g": false
  },
  {
    "symbol": "CHZUSDT",
    "timestamp": "2025-06-07T09:58:01.381883+00:00",
    "ppwcs_score": 11,
    "stage_minus2": false,
    "stage_minus1": {
      "strength": 15.384615384615385,
      "confidence": 0.0,
      "momentum": false,
      "volume_confirmed": false,
      "technical_alignment": false
    },
    "stage_1g": false
  },
  {
    "symbol": "MASKUSDT",
    "timestamp": "2025-06-07T09:58:01.384697+00:00",
    "ppwcs_score": 11,
    "stage_minus2": false,
    "stage_minus1": {
      "strength": 15.384615384615385,
      "confidence": 0.0,
      "momentum": false,
      "volume_confirmed": false,
      "technical_alignment": false
    },
    "stage_1g": false
  },
  {
    "symbol": "LEVERUSDT",
    "timestamp": "2025-06-07T09:58:01.387575+00:00",
    "ppwcs_score": 11,
    "stage_minus2": false,
    "stage_minus1": {
      "strength": 15.384615384615385,
      "confidence": 0.0,
      "momentum": false,
      "volume_confirmed": false,
      "technical_alignment": false
    },
    "stage_1g": false
  },
  {
    "symbol": "OBTUSDT",
    "timestamp": "2025-06-07T09:58:01.390366+00:00",
    "ppwcs_score": 11,
    "stage_minus2": false,
    "stage_minus1": {
      "strength": 15.384615384615385,
      "confidence": 0.0,
      "momentum": false,
      "volume_confirmed": false,
      "technical_alignment": false
    },
    "stage_1g": false
  },
  {
    "symbol": "ARBUSDT",
    "timestamp": "2025-06-07T09:58:01.393188+00:00",
    "ppwcs_score": 21,
    "stage_minus2": false,
    "stage_minus1": {
      "strength": 15.384615384615385,
      "confidence": 0.0,
      "momentum": false,
      "volume_confirmed": false,
      "technical_alignment": false
    },
    "stage_1g": false
  },
  {
    "symbol": "RVNUSDT",
    "timestamp": "2025-06-07T09:58:01.395982+00:00",
    "ppwcs_score": 11,
    "stage_minus2": false,
    "stage_minus1": {
      "strength": 15.384615384615385,
      "confidence": 0.0,
      "momentum": false,
      "volume_confirmed": false,
      "technical_alignment": false
    },
    "stage_1g": false
  },
  {
    "symbol": "MOODENGUSDT",
    "timestamp": "2025-06-07T09:58:01.398823+00:00",
    "ppwcs_score": 26,
    "stage_minus2": false,
    "stage_minus1": {
      "strength": 15.384615384615385,
      "confidence": 0.0,
      "momentum": false,
      "volume_confirmed": false,
      "technical_alignment": false
    },
    "stage_1g": false
  },
  {
    "symbol": "CHILLGUYUSDT",
    "timestamp": "2025-06-07T09:58:01.401709+00:00",
    "ppwcs_score": 26,
    "stage_minus2": false,
    "stage_minus1": {
      "strength": 15.384615384615385,
      "confidence": 0.0,
      "momentum": false,
      "volume_confirmed": false,
      "technical_alignment": false
    },
    "stage_1g": false
  },
  {
    "symbol": "BDXNUSDT",
    "timestamp": "2025-06-07T09:58:01.404603+00:00",
    "ppwcs_score": 11,
    "stage_minus2": false,
    "stage_minus1": {
      "strength": 15.384615384615385,
      "confidence": 0.0,
      "momentum": false,
      "volume_confirmed": false,
      "technical_alignment": false
    },
    "stage_1g": false
  },
  {
    "symbol": "NEIROETHUSDT",
    "timestamp": "2025-06-07T09:58:01.407447+00:00",
    "ppwcs_score": 11,
    "stage_minus2": false,
    "stage_minus1": {
      "strength": 15.384615384615385,
      "confidence": 0.0,
      "momentum": false,
      "volume_confirmed": false,
      "technical_alignment": false
    },
    "stage_1g": false
  },
  {
    "symbol": "SWARMSUSDT",
    "timestamp": "2025-06-07T09:58:01.410317+00:00",
    "ppwcs_score": 11,
    "stage_minus2": false,
    "stage_minus1": {
      "strength": 15.384615384615385,
      "confidence": 0.0,
      "momentum": false,
      "volume_confirmed": false,
      "technical_alignment": false
    },
    "stage_1g": false
  },
  {
    "symbol": "SPELLUSDT",
    "timestamp": "2025-06-07T09:58:01.413228+00:00",
    "ppwcs_score": 11,
    "stage_minus2": false,
    "stage_minus1": {
      "strength": 15.384615384615385,
      "confidence": 0.0,
      "momentum": false,
      "volume_confirmed": false,
      "technical_alignment": false
    },
    "stage_1g": false
  },
  {
    "symbol": "ICXUSDT",
    "timestamp": "2025-06-07T09:58:01.416189+00:00",
    "ppwcs_score": 11,
    "stage_minus2": false,
    "stage_minus1": {
      "strength": 15.384615384615385,
      "confidence": 0.0,
      "momentum": false,
      "volume_confirmed": false,
      "technical_alignment": false
    },
    "stage_1g": false
  },
  {
    "symbol": "CKBUSDT",
    "timestamp": "2025-06-07T09:58:01.419069+00:00",
    "ppwcs_score": 11,
    "stage_minus2": false,
    "stage_minus1": {
      "strength": 15.384615384615385,
      "confidence": 0.0,
      "momentum": false,
      "volume_confirmed": false,
      "technical_alignment": false
    },
    "stage_1g": false
  },
  {
    "symbol": "JASMYUSDT",
    "timestamp": "2025-06-07T09:58:01.422006+00:00",
    "ppwcs_score": 11,
    "stage_minus2": false,
    "stage_minus1": {
      "strength": 15.384615384615385,
      "confidence": 0.0,
      "momentum": false,
      "volume_confirmed": false,
      "technical_alignment": false
    },
    "stage_1g": false
  },
  {
    "symbol": "ATHUSDT",
    "timestamp": "2025-06-07T09:58:01.424947+00:00",
    "ppwcs_score": 26,
    "stage_minus2": false,
    "stage_minus1": {
      "strength": 15.384615384615385,
      "confidence": 0.0,
      "momentum": false,
      "volume_confirmed": false,
      "technical_alignment": false
    },
    "stage_1g": false
  },
  {
    "symbol": "ALICEUSDT",
    "timestamp": "2025-06-07T09:58:01.427874+00:00",
    "ppwcs_score": 21,
    "stage_minus2": false,
    "stage_minus1": {
      "strength": 15.384615384615385,
      "confidence": 0.0,
      "momentum": false,
      "volume_confirmed": false,
      "technical_alignment": false
    },
    "stage_1g": false
  },
  {
    "symbol": "ADAUSDT",
    "timestamp": "2025-06-07T09:58:01.430896+00:00",
    "ppwcs_score": 21,
    "stage_minus2": false,
    "stage_minus1": {
      "strength": 15.384615384615385,
      "confidence": 0.0,
      "momentum": false,
      "volume_confirmed": false,
      "technical_alignment": false
    },
    "stage_1g": false
  },
  {
    "symbol": "RFCUSDT",
    "timestamp": "2025-06-07T09:58:01.433846+00:00",
    "ppwcs_score": 11,
    "stage_minus2": false,
    "stage_minus1": {
      "strength": 15.384615384615385,
      "confidence": 0.0,
      "momentum": false,
      "volume_confirmed": false,
      "technical_alignment": false
    },
    "stage_1g": false
  },
  {
    "symbol": "FLMUSDT",
    "timestamp": "2025-06-07T09:58:01.436869+00:00",
    "ppwcs_score": 11,
    "stage_minus2": false,
    "stage_minus1": {
      "strength": 15.384615384615385,
      "confidence": 0.0,
      "momentum": false,
      "volume_confirmed": false,
      "technical_alignment": false
    },
    "stage_1g": false
  },
  {
    "symbol": "KASUSDT",
    "timestamp": "2025-06-07T09:58:01.439908+00:00",
    "ppwcs_score": 11,
    "stage_minus2": false,
    "stage_minus1": {
      "strength": 15.384615384615385,
      "confidence": 0.0,
      "momentum": false,
      "volume_confirmed": false,
      "technical_alignment": false
    },
    "stage_1g": false
  },
  {
    "symbol": "AGTUSDT",
    "timestamp": "2025-06-07T09:58:01.442943+00:00",
    "ppwcs_score": 21,
    "stage_minus2": false,
    "stage_minus1": {
      "strength": 15.384615384615385,
      "confidence": 0.0,
      "momentum": false,
      "volume_confirmed": false,
      "technical_alignment": false
    },
    "stage_1g": false
  },
  {
    "symbol": "MYROUSDT",
    "timestamp": "2025-06-07T09:58:01.445992+00:00",
    "ppwcs_score": 11,
    "stage_minus2": false,
    "stage_minus1": {
      "strength": 15.384615384615385,
      "confidence": 0.0,
      "momentum": false,
      "volume_confirmed": false,
      "technical_alignment": false
    },
    "stage_1g": false
  },
  {
    "symbol": "CFXUSDT",
    "timestamp": "2025-06-07T09:58:01.449020+00:00",
    "ppwcs_score": 11,
    "stage_minus2": false,
    "stage_minus1": {
      "strength": 15.384615384615385,
      "confidence": 0.0,
      "momentum": false,
      "volume_confirmed": false,
      "technical_alignment": false
    },
    "stage_1g": false
  },
  {
    "symbol": "GPSUSDT",
    "timestamp": "2025-06-07T09:58:01.452057+00:00",
    "ppwcs_score": 11,
    "stage_minus2": false,
    "stage_minus1": {
      "strength": 15.384615384615385,
      "confidence": 0.0,
      "momentum": false,
      "volume_confirmed": false,
      "technical_alignment": false
    },
    "stage_1g": false
  },
  {
    "symbol": "SUIUSDT",
    "timestamp": "2025-06-07T09:58:01.455105+00:00",
    "ppwcs_score": 11,
    "stage_minus2": false,
    "stage_minus1": {
      "strength": 15.384615384615385,
      "confidence": 0.0,
      "momentum": false,
      "volume_confirmed": false,
      "technical_alignment": false
    },
    "stage_1g": false
  },
  {
    "symbol": "BRETTUSDT",
    "timestamp": "2025-06-07T09:58:01.458450+00:00",
    "ppwcs_score": 11,
    "stage_minus2": false,
    "stage_minus1": {
      "strength": 15.384615384615385,
      "confidence": 0.0,
      "momentum": false,
      "volume_confirmed": false,
      "technical_alignment": false
    },
    "stage_1g": false
  },
  {
    "symbol": "EPTUSDT",
    "timestamp": "2025-06-07T09:58:01.462772+00:00",
    "ppwcs_score": 11,
    "stage_minus2": false,
    "stage_minus1": {
      "strength": 15.384615384615385,
      "confidence": 0.0,
      "momentum": false,
      "volume_confirmed": false,
      "technical_alignment": false
    },
    "stage_1g": false
  },
  {
    "symbol": "ANIMEUSDT",
    "timestamp": "2025-06-07T09:58:01.466130+00:00",
    "ppwcs_score": 21,
    "stage_minus2": false,
    "stage_minus1": {
      "strength": 15.384615384615385,
      "confidence": 0.0,
      "momentum": false,
      "volume_confirmed": false,
      "technical_alignment": false
    },
    "stage_1g": false
  },
  {
    "symbol": "BEAMUSDT",
    "timestamp": "2025-06-07T09:58:01.469228+00:00",
    "ppwcs_score": 11,
    "stage_minus2": false,
    "stage_minus1": {
      "strength": 15.384615384615385,
      "confidence": 0.0,
      "momentum": false,
      "volume_confirmed": false,
      "technical_alignment": false
    },
    "stage_1g": false
  },
  {
    "symbol": "DENTUSDT",
    "timestamp": "2025-06-07T09:58:01.472312+00:00",
    "ppwcs_score": 11,
    "stage_minus2": false,
    "stage_minus1": {
      "strength": 15.384615384615385,
      "confidence": 0.0,
      "momentum": false,
      "volume_confirmed": false,
      "technical_alignment": false
    },
    "stage_1g": false
  },
  {
    "symbol": "GALAUSDT",
    "timestamp": "2025-06-07T09:58:01.475446+00:00",
    "ppwcs_score": 26,
    "stage_minus2": false,
    "stage_minus1": {
      "strength": 15.384615384615385,
      "confidence": 0.0,
      "momentum": false,
      "volume_confirmed": false,
      "technical_alignment": false
    },
    "stage_1g": false
  },
  {
    "symbol": "PORTALUSDT",
    "timestamp": "2025-06-07T09:58:01.478727+00:00",
    "ppwcs_score": 11,
    "stage_minus2": false,
    "stage_minus1": {
      "strength": 15.384615384615385,
      "confidence": 0.0,
      "momentum": false,
      "volume_confirmed": false,
      "technical_alignment": false
    },
    "stage_1g": false
  },
  {
    "symbol": "LOOKSUSDT",
    "timestamp": "2025-06-07T09:58:01.481870+00:00",
    "ppwcs_score": 11,
    "stage_minus2": false,
    "stage_minus1": {
      "strength": 15.384615384615385,
      "confidence": 0.0,
      "momentum": false,
      "volume_confirmed": false,
      "technical_alignment": false
    },
    "stage_1g": false
  },
  {
    "symbol": "SYRUPUSDT",
    "timestamp": "2025-06-07T10:01:06.111583+00:00",
    "ppwcs_score": 11,
    "stage_minus2": false,
    "stage_minus1": {
      "strength": 15.384615384615385,
      "confidence": 0.0,
      "momentum": false,
      "volume_confirmed": false,
      "technical_alignment": false
    },
    "stage_1g": false
  },
  {
    "symbol": "GLMRUSDT",
    "timestamp": "2025-06-07T10:01:06.114896+00:00",
    "ppwcs_score": 11,
    "stage_minus2": false,
    "stage_minus1": {
      "strength": 15.384615384615385,
      "confidence": 0.0,
      "momentum": false,
      "volume_confirmed": false,
      "technical_alignment": false
    },
    "stage_1g": false
  },
  {
    "symbol": "LEVERUSDT",
    "timestamp": "2025-06-07T10:01:06.118134+00:00",
    "ppwcs_score": 11,
    "stage_minus2": false,
    "stage_minus1": {
      "strength": 15.384615384615385,
      "confidence": 0.0,
      "momentum": false,
      "volume_confirmed": false,
      "technical_alignment": false
    },
    "stage_1g": false
  },
  {
    "symbol": "MOODENGUSDT",
    "timestamp": "2025-06-07T10:01:06.121437+00:00",
    "ppwcs_score": 26,
    "stage_minus2": false,
    "stage_minus1": {
      "strength": 15.384615384615385,
      "confidence": 0.0,
      "momentum": false,
      "volume_confirmed": false,
      "technical_alignment": false
    },
    "stage_1g": false
  },
  {
    "symbol": "PUFFERUSDT",
    "timestamp": "2025-06-07T10:01:06.125446+00:00",
    "ppwcs_score": 11,
    "stage_minus2": false,
    "stage_minus1": {
      "strength": 15.384615384615385,
      "confidence": 0.0,
      "momentum": false,
      "volume_confirmed": false,
      "technical_alignment": false
    },
    "stage_1g": false
  },
  {
    "symbol": "CHESSUSDT",
    "timestamp": "2025-06-07T10:01:06.133489+00:00",
    "ppwcs_score": 11,
    "stage_minus2": false,
    "stage_minus1": {
      "strength": 15.384615384615385,
      "confidence": 0.0,
      "momentum": false,
      "volume_confirmed": false,
      "technical_alignment": false
    },
    "stage_1g": false
  },
  {
    "symbol": "GIGAUSDT",
    "timestamp": "2025-06-07T10:01:06.140017+00:00",
    "ppwcs_score": 26,
    "stage_minus2": false,
    "stage_minus1": {
      "strength": 15.384615384615385,
      "confidence": 0.0,
      "momentum": false,
      "volume_confirmed": false,
      "technical_alignment": false
    },
    "stage_1g": false
  },
  {
    "symbol": "FLMUSDT",
    "timestamp": "2025-06-07T10:01:06.144951+00:00",
    "ppwcs_score": 11,
    "stage_minus2": false,
    "stage_minus1": {
      "strength": 15.384615384615385,
      "confidence": 0.0,
      "momentum": false,
      "volume_confirmed": false,
      "technical_alignment": false
    },
    "stage_1g": false
  },
  {
    "symbol": "ADAUSDT",
    "timestamp": "2025-06-07T10:01:06.148340+00:00",
    "ppwcs_score": 21,
    "stage_minus2": false,
    "stage_minus1": {
      "strength": 15.384615384615385,
      "confidence": 0.0,
      "momentum": false,
      "volume_confirmed": false,
      "technical_alignment": false
    },
    "stage_1g": false
  },
  {
    "symbol": "REXUSDT",
    "timestamp": "2025-06-07T10:01:06.151673+00:00",
    "ppwcs_score": 11,
    "stage_minus2": false,
    "stage_minus1": {
      "strength": 15.384615384615385,
      "confidence": 0.0,
      "momentum": false,
      "volume_confirmed": false,
      "technical_alignment": false
    },
    "stage_1g": false
  },
  {
    "symbol": "SPELLUSDT",
    "timestamp": "2025-06-07T10:01:06.154992+00:00",
    "ppwcs_score": 11,
    "stage_minus2": false,
    "stage_minus1": {
      "strength": 15.384615384615385,
      "confidence": 0.0,
      "momentum": false,
      "volume_confirmed": false,
      "technical_alignment": false
    },
    "stage_1g": false
  },
  {
    "symbol": "EPTUSDT",
    "timestamp": "2025-06-07T10:01:06.158382+00:00",
    "ppwcs_score": 11,
    "stage_minus2": false,
    "stage_minus1": {
      "strength": 15.384615384615385,
      "confidence": 0.0,
      "momentum": false,
      "volume_confirmed": false,
      "technical_alignment": false
    },
    "stage_1g": false
  },
  {
    "symbol": "PORTALUSDT",
    "timestamp": "2025-06-07T10:01:06.161754+00:00",
    "ppwcs_score": 11,
    "stage_minus2": false,
    "stage_minus1": {
      "strength": 15.384615384615385,
      "confidence": 0.0,
      "momentum": false,
      "volume_confirmed": false,
      "technical_alignment": false
    },
    "stage_1g": false
  },
  {
    "symbol": "DOGUSDT",
    "timestamp": "2025-06-07T10:01:06.165150+00:00",
    "ppwcs_score": 11,
    "stage_minus2": false,
    "stage_minus1": {
      "strength": 15.384615384615385,
      "confidence": 0.0,
      "momentum": false,
      "volume_confirmed": false,
      "technical_alignment": false
    },
    "stage_1g": false
  },
  {
    "symbol": "REZUSDT",
    "timestamp": "2025-06-07T10:01:06.168548+00:00",
    "ppwcs_score": 11,
    "stage_minus2": false,
    "stage_minus1": {
      "strength": 15.384615384615385,
      "confidence": 0.0,
      "momentum": false,
      "volume_confirmed": false,
      "technical_alignment": false
    },
    "stage_1g": false
  },
  {
    "symbol": "NILUSDT",
    "timestamp": "2025-06-07T10:01:06.171971+00:00",
    "ppwcs_score": 11,
    "stage_minus2": false,
    "stage_minus1": {
      "strength": 15.384615384615385,
      "confidence": 0.0,
      "momentum": false,
      "volume_confirmed": false,
      "technical_alignment": false
    },
    "stage_1g": false
  },
  {
    "symbol": "ICXUSDT",
    "timestamp": "2025-06-07T10:01:06.175375+00:00",
    "ppwcs_score": 11,
    "stage_minus2": false,
    "stage_minus1": {
      "strength": 15.384615384615385,
      "confidence": 0.0,
      "momentum": false,
      "volume_confirmed": false,
      "technical_alignment": false
    },
    "stage_1g": false
  },
  {
    "symbol": "PUMPBTCUSDT",
    "timestamp": "2025-06-07T10:01:06.178848+00:00",
    "ppwcs_score": 11,
    "stage_minus2": false,
    "stage_minus1": {
      "strength": 15.384615384615385,
      "confidence": 0.0,
      "momentum": false,
      "volume_confirmed": false,
      "technical_alignment": false
    },
    "stage_1g": false
  },
  {
    "symbol": "SUNDOGUSDT",
    "timestamp": "2025-06-07T10:01:06.182316+00:00",
    "ppwcs_score": 11,
    "stage_minus2": false,
    "stage_minus1": {
      "strength": 15.384615384615385,
      "confidence": 0.0,
      "momentum": false,
      "volume_confirmed": false,
      "technical_alignment": false
    },
    "stage_1g": false
  },
  {
    "symbol": "MDTUSDT",
    "timestamp": "2025-06-07T10:01:06.185741+00:00",
    "ppwcs_score": 11,
    "stage_minus2": false,
    "stage_minus1": {
      "strength": 15.384615384615385,
      "confidence": 0.0,
      "momentum": false,
      "volume_confirmed": false,
      "technical_alignment": false
    },
    "stage_1g": false
  },
  {
    "symbol": "CHILLGUYUSDT",
    "timestamp": "2025-06-07T10:01:06.189289+00:00",
    "ppwcs_score": 26,
    "stage_minus2": false,
    "stage_minus1": {
      "strength": 15.384615384615385,
      "confidence": 0.0,
      "momentum": false,
      "volume_confirmed": false,
      "technical_alignment": false
    },
    "stage_1g": false
  },
  {
    "symbol": "CFXUSDT",
    "timestamp": "2025-06-07T10:01:06.192804+00:00",
    "ppwcs_score": 11,
    "stage_minus2": false,
    "stage_minus1": {
      "strength": 15.384615384615385,
      "confidence": 0.0,
      "momentum": false,
      "volume_confirmed": false,
      "technical_alignment": false
    },
    "stage_1g": false
  },
  {
    "symbol": "BMTUSDT",
    "timestamp": "2025-06-07T10:01:06.196369+00:00",
    "ppwcs_score": 11,
    "stage_minus2": false,
    "stage_minus1": {
      "strength": 15.384615384615385,
      "confidence": 0.0,
      "momentum": false,
      "volume_confirmed": false,
      "technical_alignment": false
    },
    "stage_1g": false
  },
  {
    "symbol": "KASUSDT",
    "timestamp": "2025-06-07T10:01:06.199849+00:00",
    "ppwcs_score": 11,
    "stage_minus2": false,
    "stage_minus1": {
      "strength": 15.384615384615385,
      "confidence": 0.0,
      "momentum": false,
      "volume_confirmed": false,
      "technical_alignment": false
    },
    "stage_1g": false
  },
  {
    "symbol": "IOSTUSDT",
    "timestamp": "2025-06-07T10:01:06.203349+00:00",
    "ppwcs_score": 11,
    "stage_minus2": false,
    "stage_minus1": {
      "strength": 15.384615384615385,
      "confidence": 0.0,
      "momentum": false,
      "volume_confirmed": false,
      "technical_alignment": false
    },
    "stage_1g": false
  },
  {
    "symbol": "CKBUSDT",
    "timestamp": "2025-06-07T10:01:06.206876+00:00",
    "ppwcs_score": 11,
    "stage_minus2": false,
    "stage_minus1": {
      "strength": 15.384615384615385,
      "confidence": 0.0,
      "momentum": false,
      "volume_confirmed": false,
      "technical_alignment": false
    },
    "stage_1g": false
  },
  {
    "symbol": "PRAIUSDT",
    "timestamp": "2025-06-07T10:01:06.210476+00:00",
    "ppwcs_score": 11,
    "stage_minus2": false,
    "stage_minus1": {
      "strength": 15.384615384615385,
      "confidence": 0.0,
      "momentum": false,
      "volume_confirmed": false,
      "technical_alignment": false
    },
    "stage_1g": false
  },
  {
    "symbol": "HOTUSDT",
    "timestamp": "2025-06-07T10:01:06.214003+00:00",
    "ppwcs_score": 11,
    "stage_minus2": false,
    "stage_minus1": {
      "strength": 15.384615384615385,
      "confidence": 0.0,
      "momentum": false,
      "volume_confirmed": false,
      "technical_alignment": false
    },
    "stage_1g": false
  },
  {
    "symbol": "AGTUSDT",
    "timestamp": "2025-06-07T10:01:06.217566+00:00",
    "ppwcs_score": 21,
    "stage_minus2": false,
    "stage_minus1": {
      "strength": 15.384615384615385,
      "confidence": 0.0,
      "momentum": false,
      "volume_confirmed": false,
      "technical_alignment": false
    },
    "stage_1g": false
  },
  {
    "symbol": "SAROSUSDT",
    "timestamp": "2025-06-07T10:01:06.221107+00:00",
    "ppwcs_score": 11,
    "stage_minus2": false,
    "stage_minus1": {
      "strength": 15.384615384615385,
      "confidence": 0.0,
      "momentum": false,
      "volume_confirmed": false,
      "technical_alignment": false
    },
    "stage_1g": false
  },
  {
    "symbol": "MYROUSDT",
    "timestamp": "2025-06-07T10:01:06.224770+00:00",
    "ppwcs_score": 11,
    "stage_minus2": false,
    "stage_minus1": {
      "strength": 15.384615384615385,
      "confidence": 0.0,
      "momentum": false,
      "volume_confirmed": false,
      "technical_alignment": false
    },
    "stage_1g": false
  },
  {
    "symbol": "KOMAUSDT",
    "timestamp": "2025-06-07T10:01:06.228353+00:00",
    "ppwcs_score": 11,
    "stage_minus2": false,
    "stage_minus1": {
      "strength": 15.384615384615385,
      "confidence": 0.0,
      "momentum": false,
      "volume_confirmed": false,
      "technical_alignment": false
    },
    "stage_1g": false
  },
  {
    "symbol": "MASKUSDT",
    "timestamp": "2025-06-07T10:01:06.231931+00:00",
    "ppwcs_score": 11,
    "stage_minus2": false,
    "stage_minus1": {
      "strength": 15.384615384615385,
      "confidence": 0.0,
      "momentum": false,
      "volume_confirmed": false,
      "technical_alignment": false
    },
    "stage_1g": false
  },
  {
    "symbol": "OBTUSDT",
    "timestamp": "2025-06-07T10:01:06.235625+00:00",
    "ppwcs_score": 11,
    "stage_minus2": false,
    "stage_minus1": {
      "strength": 15.384615384615385,
      "confidence": 0.0,
      "momentum": false,
      "volume_confirmed": false,
      "technical_alignment": false
    },
    "stage_1g": false
  },
  {
    "symbol": "RFCUSDT",
    "timestamp": "2025-06-07T10:01:06.239295+00:00",
    "ppwcs_score": 11,
    "stage_minus2": false,
    "stage_minus1": {
      "strength": 15.384615384615385,
      "confidence": 0.0,
      "momentum": false,
      "volume_confirmed": false,
      "technical_alignment": false
    },
    "stage_1g": false
  },
  {
    "symbol": "JASMYUSDT",
    "timestamp": "2025-06-07T10:01:06.242913+00:00",
    "ppwcs_score": 11,
    "stage_minus2": false,
    "stage_minus1": {
      "strength": 15.384615384615385,
      "confidence": 0.0,
      "momentum": false,
      "volume_confirmed": false,
      "technical_alignment": false
    },
    "stage_1g": false
  },
  {
    "symbol": "BEAMUSDT",
    "timestamp": "2025-06-07T10:01:06.246550+00:00",
    "ppwcs_score": 11,
    "stage_minus2": false,
    "stage_minus1": {
      "strength": 15.384615384615385,
      "confidence": 0.0,
      "momentum": false,
      "volume_confirmed": false,
      "technical_alignment": false
    },
    "stage_1g": false
  },
  {
    "symbol": "STRKUSDT",
    "timestamp": "2025-06-07T10:01:06.250192+00:00",
    "ppwcs_score": 11,
    "stage_minus2": false,
    "stage_minus1": {
      "strength": 15.384615384615385,
      "confidence": 0.0,
      "momentum": false,
      "volume_confirmed": false,
      "technical_alignment": false
    },
    "stage_1g": false
  },
  {
    "symbol": "BRETTUSDT",
    "timestamp": "2025-06-07T10:01:06.253903+00:00",
    "ppwcs_score": 11,
    "stage_minus2": false,
    "stage_minus1": {
      "strength": 15.384615384615385,
      "confidence": 0.0,
      "momentum": false,
      "volume_confirmed": false,
      "technical_alignment": false
    },
    "stage_1g": false
  },
  {
    "symbol": "SIGNUSDT",
    "timestamp": "2025-06-07T10:01:06.257612+00:00",
    "ppwcs_score": 11,
    "stage_minus2": false,
    "stage_minus1": {
      "strength": 15.384615384615385,
      "confidence": 0.0,
      "momentum": false,
      "volume_confirmed": false,
      "technical_alignment": false
    },
    "stage_1g": false
  },
  {
    "symbol": "NEIROETHUSDT",
    "timestamp": "2025-06-07T10:01:06.261353+00:00",
    "ppwcs_score": 11,
    "stage_minus2": false,
    "stage_minus1": {
      "strength": 15.384615384615385,
      "confidence": 0.0,
      "momentum": false,
      "volume_confirmed": false,
      "technical_alignment": false
    },
    "stage_1g": false
  },
  {
    "symbol": "GALAUSDT",
    "timestamp": "2025-06-07T10:01:06.265091+00:00",
    "ppwcs_score": 26,
    "stage_minus2": false,
    "stage_minus1": {
      "strength": 15.384615384615385,
      "confidence": 0.0,
      "momentum": false,
      "volume_confirmed": false,
      "technical_alignment": false
    },
    "stage_1g": false
  },
  {
    "symbol": "SWARMSUSDT",
    "timestamp": "2025-06-07T10:01:06.268868+00:00",
    "ppwcs_score": 11,
    "stage_minus2": false,
    "stage_minus1": {
      "strength": 15.384615384615385,
      "confidence": 0.0,
      "momentum": false,
      "volume_confirmed": false,
      "technical_alignment": false
    },
    "stage_1g": false
  },
  {
    "symbol": "HUMAUSDT",
    "timestamp": "2025-06-07T10:01:06.272627+00:00",
    "ppwcs_score": 11,
    "stage_minus2": false,
    "stage_minus1": {
      "strength": 15.384615384615385,
      "confidence": 0.0,
      "momentum": false,
      "volume_confirmed": false,
      "technical_alignment": false
    },
    "stage_1g": false
  },
  {
    "symbol": "AVAAIUSDT",
    "timestamp": "2025-06-07T10:01:06.276386+00:00",
    "ppwcs_score": 11,
    "stage_minus2": false,
    "stage_minus1": {
      "strength": 15.384615384615385,
      "confidence": 0.0,
      "momentum": false,
      "volume_confirmed": false,
      "technical_alignment": false
    },
    "stage_1g": false
  },
  {
    "symbol": "ENAUSDT",
    "timestamp": "2025-06-07T10:01:06.280216+00:00",
    "ppwcs_score": 26,
    "stage_minus2": false,
    "stage_minus1": {
      "strength": 15.384615384615385,
      "confidence": 0.0,
      "momentum": false,
      "volume_confirmed": false,
      "technical_alignment": false
    },
    "stage_1g": false
  },
  {
    "symbol": "FLOCKUSDT",
    "timestamp": "2025-06-07T10:01:06.284092+00:00",
    "ppwcs_score": 26,
    "stage_minus2": false,
    "stage_minus1": {
      "strength": 15.384615384615385,
      "confidence": 0.0,
      "momentum": false,
      "volume_confirmed": false,
      "technical_alignment": false
    },
    "stage_1g": false
  },
  {
    "symbol": "BDXNUSDT",
    "timestamp": "2025-06-07T10:01:06.287924+00:00",
    "ppwcs_score": 11,
    "stage_minus2": false,
    "stage_minus1": {
      "strength": 15.384615384615385,
      "confidence": 0.0,
      "momentum": false,
      "volume_confirmed": false,
      "technical_alignment": false
    },
    "stage_1g": false
  },
  {
    "symbol": "GPSUSDT",
    "timestamp": "2025-06-07T10:01:06.291722+00:00",
    "ppwcs_score": 11,
    "stage_minus2": false,
    "stage_minus1": {
      "strength": 15.384615384615385,
      "confidence": 0.0,
      "momentum": false,
      "volume_confirmed": false,
      "technical_alignment": false
    },
    "stage_1g": false
  },
  {
    "symbol": "SOPHUSDT",
    "timestamp": "2025-06-07T10:01:06.295569+00:00",
    "ppwcs_score": 11,
    "stage_minus2": false,
    "stage_minus1": {
      "strength": 15.384615384615385,
      "confidence": 0.0,
      "momentum": false,
      "volume_confirmed": false,
      "technical_alignment": false
    },
    "stage_1g": false
  },
  {
    "symbol": "ANIMEUSDT",
    "timestamp": "2025-06-07T10:01:06.299568+00:00",
    "ppwcs_score": 21,
    "stage_minus2": false,
    "stage_minus1": {
      "strength": 15.384615384615385,
      "confidence": 0.0,
      "momentum": false,
      "volume_confirmed": false,
      "technical_alignment": false
    },
    "stage_1g": false
  },
  {
    "symbol": "GMTUSDT",
    "timestamp": "2025-06-07T10:01:06.303388+00:00",
    "ppwcs_score": 11,
    "stage_minus2": false,
    "stage_minus1": {
      "strength": 15.384615384615385,
      "confidence": 0.0,
      "momentum": false,
      "volume_confirmed": false,
      "technical_alignment": false
    },
    "stage_1g": false
  },
  {
    "symbol": "RSRUSDT",
    "timestamp": "2025-06-07T10:01:06.307206+00:00",
    "ppwcs_score": 11,
    "stage_minus2": false,
    "stage_minus1": {
      "strength": 15.384615384615385,
      "confidence": 0.0,
      "momentum": false,
      "volume_confirmed": false,
      "technical_alignment": false
    },
    "stage_1g": false
  },
  {
    "symbol": "RVNUSDT",
    "timestamp": "2025-06-07T10:01:06.311120+00:00",
    "ppwcs_score": 11,
    "stage_minus2": false,
    "stage_minus1": {
      "strength": 15.384615384615385,
      "confidence": 0.0,
      "momentum": false,
      "volume_confirmed": false,
      "technical_alignment": false
    },
    "stage_1g": false
  },
  {
    "symbol": "ATHUSDT",
    "timestamp": "2025-06-07T10:01:06.315030+00:00",
    "ppwcs_score": 26,
    "stage_minus2": false,
    "stage_minus1": {
      "strength": 15.384615384615385,
      "confidence": 0.0,
      "momentum": false,
      "volume_confirmed": false,
      "technical_alignment": false
    },
    "stage_1g": false
  },
  {
    "symbol": "BLASTUSDT",
    "timestamp": "2025-06-07T10:01:06.318918+00:00",
    "ppwcs_score": 26,
    "stage_minus2": false,
    "stage_minus1": {
      "strength": 15.384615384615385,
      "confidence": 0.0,
      "momentum": false,
      "volume_confirmed": false,
      "technical_alignment": false
    },
    "stage_1g": false
  }
]