{
  "report_type": "high_score_symbols",
  "generated_at": "2025-06-15T19:15:05.407493+00:00",
  "criteria": "Top 20 symbols by PPWCS score in last 24 hours",
  "symbols": [
    {
      "symbol": "GIGAUSDT",
      "score": 36,
      "timestamp": "2025-06-14T19:16:58.822787+00:00"
    },
    {
      "symbol": "1INCHUSDT",
      "score": 36,
      "timestamp": "2025-06-14T19:17:05.054884+00:00"
    },
    {
      "symbol": "FLOCKUSDT",
      "score": 36,
      "timestamp": "2025-06-14T19:17:05.583973+00:00"
    },
    {
      "symbol": "CHILLGUYUSDT",
      "score": 36,
      "timestamp": "2025-06-14T19:17:08.213089+00:00"
    },
    {
      "symbol": "SIGNUSDT",
      "score": 36,
      "timestamp": "2025-06-14T19:17:14.673523+00:00"
    },
    {
      "symbol": "BLASTUSDT",
      "score": 36,
      "timestamp": "2025-06-14T19:17:15.199690+00:00"
    },
    {
      "symbol": "ACHUSDT",
      "score": 36,
      "timestamp": "2025-06-14T19:17:15.595014+00:00"
    },
    {
      "symbol": "MOODENGUSDT",
      "score": 36,
      "timestamp": "2025-06-14T19:17:17.973517+00:00"
    },
    {
      "symbol": "ENAUSDT",
      "score": 36,
      "timestamp": "2025-06-14T19:17:28.169767+00:00"
    },
    {
      "symbol": "ACEUSDT",
      "score": 36,
      "timestamp": "2025-06-14T19:17:30.944077+00:00"
    },
    {
      "symbol": "SPXUSDT",
      "score": 36,
      "timestamp": "2025-06-14T19:17:31.075925+00:00"
    },
    {
      "symbol": "LEVERUSDT",
      "score": 36,
      "timestamp": "2025-06-14T19:17:32.533103+00:00"
    },
    {
      "symbol": "PHAUSDT",
      "score": 26,
      "timestamp": "2025-06-14T19:16:57.504289+00:00"
    },
    {
      "symbol": "MASKUSDT",
      "score": 26,
      "timestamp": "2025-06-14T19:17:03.864709+00:00"
    },
    {
      "symbol": "ETHFIUSDT",
      "score": 26,
      "timestamp": "2025-06-14T19:17:05.452686+00:00"
    },
    {
      "symbol": "ONDOUSDT",
      "score": 26,
      "timestamp": "2025-06-14T19:17:11.105998+00:00"
    },
    {
      "symbol": "AAVEUSDT",
      "score": 26,
      "timestamp": "2025-06-14T19:17:13.615427+00:00"
    },
    {
      "symbol": "AERGOUSDT",
      "score": 26,
      "timestamp": "2025-06-14T19:17:15.989701+00:00"
    },
    {
      "symbol": "CHZUSDT",
      "score": 26,
      "timestamp": "2025-06-14T19:17:22.079360+00:00"
    },
    {
      "symbol": "GALAUSDT",
      "score": 26,
      "timestamp": "2025-06-14T19:17:27.905522+00:00"
    }
  ],
  "summary": {
    "total_symbols": 20,
    "avg_score": 32.0,
    "max_score": 36,
    "min_score": 26
  }
}