{
  "report_type": "high_score_symbols",
  "generated_at": "2025-06-09T15:45:03.806223+00:00",
  "criteria": "Top 20 symbols by PPWCS score in last 24 hours",
  "symbols": [
    {
      "symbol": "ACHUSDT",
      "score": 36,
      "timestamp": "2025-06-09T15:45:03.745473+00:00"
    },
    {
      "symbol": "ENAUSDT",
      "score": 26,
      "timestamp": "2025-06-09T15:45:03.730526+00:00"
    },
    {
      "symbol": "CHILLGUYUSDT",
      "score": 26,
      "timestamp": "2025-06-09T15:45:03.733980+00:00"
    },
    {
      "symbol": "FLOCKUSDT",
      "score": 26,
      "timestamp": "2025-06-09T15:45:03.759157+00:00"
    },
    {
      "symbol": "GIGAUSDT",
      "score": 26,
      "timestamp": "2025-06-09T15:45:03.774549+00:00"
    },
    {
      "symbol": "GALAUSDT",
      "score": 26,
      "timestamp": "2025-06-09T15:45:03.778198+00:00"
    },
    {
      "symbol": "MOODENGUSDT",
      "score": 26,
      "timestamp": "2025-06-09T15:45:03.780110+00:00"
    },
    {
      "symbol": "LEVERUSDT",
      "score": 26,
      "timestamp": "2025-06-09T15:45:03.799835+00:00"
    },
    {
      "symbol": "DENTUSDT",
      "score": 11,
      "timestamp": "2025-06-09T15:45:03.732284+00:00"
    },
    {
      "symbol": "SKATEUSDT",
      "score": 11,
      "timestamp": "2025-06-09T15:45:03.737772+00:00"
    },
    {
      "symbol": "JASMYUSDT",
      "score": 11,
      "timestamp": "2025-06-09T15:45:03.741156+00:00"
    },
    {
      "symbol": "REZUSDT",
      "score": 11,
      "timestamp": "2025-06-09T15:45:03.750077+00:00"
    },
    {
      "symbol": "ONDOUSDT",
      "score": 11,
      "timestamp": "2025-06-09T15:45:03.754610+00:00"
    },
    {
      "symbol": "RSRUSDT",
      "score": 11,
      "timestamp": "2025-06-09T15:45:03.763813+00:00"
    },
    {
      "symbol": "KASUSDT",
      "score": 11,
      "timestamp": "2025-06-09T15:45:03.767617+00:00"
    },
    {
      "symbol": "SWEATUSDT",
      "score": 11,
      "timestamp": "2025-06-09T15:45:03.771259+00:00"
    },
    {
      "symbol": "BEAMUSDT",
      "score": 11,
      "timestamp": "2025-06-09T15:45:03.776412+00:00"
    },
    {
      "symbol": "HOTUSDT",
      "score": 11,
      "timestamp": "2025-06-09T15:45:03.781949+00:00"
    },
    {
      "symbol": "BRETTUSDT",
      "score": 11,
      "timestamp": "2025-06-09T15:45:03.783889+00:00"
    },
    {
      "symbol": "SOPHUSDT",
      "score": 11,
      "timestamp": "2025-06-09T15:45:03.785824+00:00"
    }
  ],
  "summary": {
    "total_symbols": 20,
    "avg_score": 17.5,
    "max_score": 36,
    "min_score": 11
  }
}