{
  "report_type": "high_score_symbols",
  "generated_at": "2025-06-07T10:33:14.943960+00:00",
  "criteria": "Top 20 symbols by PPWCS score in last 24 hours",
  "symbols": [
    {
      "symbol": "MOODENGUSDT",
      "score": 26,
      "timestamp": "2025-06-07T09:23:38.241156+00:00"
    },
    {
      "symbol": "CHILLGUYUSDT",
      "score": 26,
      "timestamp": "2025-06-07T09:23:38.248974+00:00"
    },
    {
      "symbol": "ATHUSDT",
      "score": 26,
      "timestamp": "2025-06-07T09:23:38.265645+00:00"
    },
    {
      "symbol": "GIGAUSDT",
      "score": 26,
      "timestamp": "2025-06-07T09:23:38.271383+00:00"
    },
    {
      "symbol": "FLOCKUSDT",
      "score": 26,
      "timestamp": "2025-06-07T09:23:38.299674+00:00"
    },
    {
      "symbol": "ENAUSDT",
      "score": 26,
      "timestamp": "2025-06-07T09:23:38.314929+00:00"
    },
    {
      "symbol": "BLASTUSDT",
      "score": 26,
      "timestamp": "2025-06-07T09:23:38.319753+00:00"
    },
    {
      "symbol": "GALAUSDT",
      "score": 26,
      "timestamp": "2025-06-07T09:23:38.340305+00:00"
    },
    {
      "symbol": "PHAUSDT",
      "score": 26,
      "timestamp": "2025-06-07T09:36:29.634529+00:00"
    },
    {
      "symbol": "ARBUSDT",
      "score": 21,
      "timestamp": "2025-06-07T09:23:38.236129+00:00"
    },
    {
      "symbol": "AGTUSDT",
      "score": 21,
      "timestamp": "2025-06-07T09:23:38.257443+00:00"
    },
    {
      "symbol": "ACTUSDT",
      "score": 21,
      "timestamp": "2025-06-07T09:23:38.278715+00:00"
    },
    {
      "symbol": "ANIMEUSDT",
      "score": 21,
      "timestamp": "2025-06-07T09:23:38.317797+00:00"
    },
    {
      "symbol": "ALUUSDT",
      "score": 21,
      "timestamp": "2025-06-07T09:36:29.631086+00:00"
    },
    {
      "symbol": "ALICEUSDT",
      "score": 21,
      "timestamp": "2025-06-07T09:55:12.359663+00:00"
    },
    {
      "symbol": "ADAUSDT",
      "score": 21,
      "timestamp": "2025-06-07T09:55:12.412902+00:00"
    },
    {
      "symbol": "CFXUSDT",
      "score": 11,
      "timestamp": "2025-06-07T09:23:38.238669+00:00"
    },
    {
      "symbol": "FLMUSDT",
      "score": 11,
      "timestamp": "2025-06-07T09:23:38.243753+00:00"
    },
    {
      "symbol": "PUFFERUSDT",
      "score": 11,
      "timestamp": "2025-06-07T09:23:38.246428+00:00"
    },
    {
      "symbol": "COOKUSDT",
      "score": 11,
      "timestamp": "2025-06-07T09:23:38.251648+00:00"
    }
  ],
  "summary": {
    "total_symbols": 20,
    "avg_score": 21.25,
    "max_score": 26,
    "min_score": 11
  }
}