{
  "report_type": "high_score_symbols",
  "generated_at": "2025-06-15T18:25:31.419170+00:00",
  "criteria": "Top 20 symbols by PPWCS score in last 24 hours",
  "symbols": [
    {
      "symbol": "MOODENGUSDT",
      "score": 36,
      "timestamp": "2025-06-14T18:31:56.698325+00:00"
    },
    {
      "symbol": "SIGNUSDT",
      "score": 36,
      "timestamp": "2025-06-14T18:31:58.451203+00:00"
    },
    {
      "symbol": "ACHUSDT",
      "score": 36,
      "timestamp": "2025-06-14T18:32:04.142149+00:00"
    },
    {
      "symbol": "1INCHUSDT",
      "score": 36,
      "timestamp": "2025-06-14T18:32:05.018446+00:00"
    },
    {
      "symbol": "FLOCKUSDT",
      "score": 36,
      "timestamp": "2025-06-14T18:32:05.393528+00:00"
    },
    {
      "symbol": "SPXUSDT",
      "score": 36,
      "timestamp": "2025-06-14T18:32:08.764659+00:00"
    },
    {
      "symbol": "BLASTUSDT",
      "score": 36,
      "timestamp": "2025-06-14T18:32:15.260978+00:00"
    },
    {
      "symbol": "GIGAUSDT",
      "score": 36,
      "timestamp": "2025-06-14T18:32:16.014090+00:00"
    },
    {
      "symbol": "ACEUSDT",
      "score": 36,
      "timestamp": "2025-06-14T18:32:18.013598+00:00"
    },
    {
      "symbol": "ENAUSDT",
      "score": 36,
      "timestamp": "2025-06-14T18:32:20.512068+00:00"
    },
    {
      "symbol": "LEVERUSDT",
      "score": 36,
      "timestamp": "2025-06-14T18:32:28.399588+00:00"
    },
    {
      "symbol": "CHILLGUYUSDT",
      "score": 36,
      "timestamp": "2025-06-14T18:32:30.159600+00:00"
    },
    {
      "symbol": "AAVEUSDT",
      "score": 26,
      "timestamp": "2025-06-14T18:32:00.717452+00:00"
    },
    {
      "symbol": "CHZUSDT",
      "score": 26,
      "timestamp": "2025-06-14T18:32:05.642853+00:00"
    },
    {
      "symbol": "PHAUSDT",
      "score": 26,
      "timestamp": "2025-06-14T18:32:09.513205+00:00"
    },
    {
      "symbol": "AERGOUSDT",
      "score": 26,
      "timestamp": "2025-06-14T18:32:15.512577+00:00"
    },
    {
      "symbol": "MASKUSDT",
      "score": 26,
      "timestamp": "2025-06-14T18:32:20.263180+00:00"
    },
    {
      "symbol": "ETHFIUSDT",
      "score": 26,
      "timestamp": "2025-06-14T18:32:22.263041+00:00"
    },
    {
      "symbol": "GALAUSDT",
      "score": 26,
      "timestamp": "2025-06-14T18:32:24.518305+00:00"
    },
    {
      "symbol": "ONDOUSDT",
      "score": 26,
      "timestamp": "2025-06-14T18:32:27.771430+00:00"
    }
  ],
  "summary": {
    "total_symbols": 20,
    "avg_score": 32.0,
    "max_score": 36,
    "min_score": 26
  }
}