{
  "report_type": "high_score_symbols",
  "generated_at": "2025-06-09T17:01:01.955305+00:00",
  "criteria": "Top 20 symbols by PPWCS score in last 24 hours",
  "symbols": [
    {
      "symbol": "ENAUSDT",
      "score": 36,
      "timestamp": "2025-06-09T16:46:06.178555+00:00"
    },
    {
      "symbol": "CHILLGUYUSDT",
      "score": 36,
      "timestamp": "2025-06-09T16:46:06.266793+00:00"
    },
    {
      "symbol": "ACHUSDT",
      "score": 36,
      "timestamp": "2025-06-09T15:45:03.745473+00:00"
    },
    {
      "symbol": "FLOCKUSDT",
      "score": 36,
      "timestamp": "2025-06-09T16:46:06.228957+00:00"
    },
    {
      "symbol": "GIGAUSDT",
      "score": 36,
      "timestamp": "2025-06-09T16:41:00.029463+00:00"
    },
    {
      "symbol": "MOODENGUSDT",
      "score": 36,
      "timestamp": "2025-06-09T16:46:06.165074+00:00"
    },
    {
      "symbol": "LEVERUSDT",
      "score": 36,
      "timestamp": "2025-06-09T16:46:06.349043+00:00"
    },
    {
      "symbol": "BLASTUSDT",
      "score": 36,
      "timestamp": "2025-06-09T16:46:06.257261+00:00"
    },
    {
      "symbol": "SPXUSDT",
      "score": 36,
      "timestamp": "2025-06-09T17:01:01.927927+00:00"
    },
    {
      "symbol": "SIGNUSDT",
      "score": 36,
      "timestamp": "2025-06-09T17:01:01.813843+00:00"
    },
    {
      "symbol": "ONDOUSDT",
      "score": 26,
      "timestamp": "2025-06-09T16:24:46.828453+00:00"
    },
    {
      "symbol": "GALAUSDT",
      "score": 26,
      "timestamp": "2025-06-09T15:45:03.778198+00:00"
    },
    {
      "symbol": "AERGOUSDT",
      "score": 26,
      "timestamp": "2025-06-09T15:58:23.182918+00:00"
    },
    {
      "symbol": "ETHFIUSDT",
      "score": 26,
      "timestamp": "2025-06-09T15:58:23.217642+00:00"
    },
    {
      "symbol": "MASKUSDT",
      "score": 26,
      "timestamp": "2025-06-09T16:24:46.839512+00:00"
    },
    {
      "symbol": "CHZUSDT",
      "score": 26,
      "timestamp": "2025-06-09T16:41:00.092846+00:00"
    },
    {
      "symbol": "DENTUSDT",
      "score": 21,
      "timestamp": "2025-06-09T16:46:06.290692+00:00"
    },
    {
      "symbol": "SKATEUSDT",
      "score": 21,
      "timestamp": "2025-06-09T16:46:06.224368+00:00"
    },
    {
      "symbol": "JASMYUSDT",
      "score": 21,
      "timestamp": "2025-06-09T16:40:59.960660+00:00"
    },
    {
      "symbol": "REZUSDT",
      "score": 21,
      "timestamp": "2025-06-09T16:41:00.012936+00:00"
    }
  ],
  "summary": {
    "total_symbols": 20,
    "avg_score": 30.0,
    "max_score": 36,
    "min_score": 21
  }
}