{
  "report_type": "high_score_symbols",
  "generated_at": "2025-06-11T18:22:11.886797+00:00",
  "criteria": "Top 20 symbols by PPWCS score in last 24 hours",
  "symbols": [
    {
      "symbol": "AXLUSDT",
      "score": 21,
      "timestamp": "2025-06-11T18:22:11.847299+00:00"
    },
    {
      "symbol": "AUSDT",
      "score": 21,
      "timestamp": "2025-06-11T18:22:11.860096+00:00"
    },
    {
      "symbol": "FUSDT",
      "score": 21,
      "timestamp": "2025-06-11T18:22:11.873057+00:00"
    }
  ],
  "summary": {
    "total_symbols": 3,
    "avg_score": 21.0,
    "max_score": 21,
    "min_score": 21
  }
}