{
  "report_type": "high_score_symbols",
  "generated_at": "2025-06-15T21:09:22.090115+00:00",
  "criteria": "Top 20 symbols by PPWCS score in last 24 hours",
  "symbols": [
    {
      "symbol": "CHILLGUYUSDT",
      "score": 36,
      "timestamp": "2025-06-15T12:44:34.369305+00:00"
    },
    {
      "symbol": "SIGNUSDT",
      "score": 36,
      "timestamp": "2025-06-15T12:44:34.486504+00:00"
    },
    {
      "symbol": "FLOCKUSDT",
      "score": 36,
      "timestamp": "2025-06-15T12:44:34.705540+00:00"
    },
    {
      "symbol": "LEVERUSDT",
      "score": 36,
      "timestamp": "2025-06-15T12:44:35.167026+00:00"
    },
    {
      "symbol": "MOODENGUSDT",
      "score": 36,
      "timestamp": "2025-06-15T12:44:35.196190+00:00"
    },
    {
      "symbol": "ENAUSDT",
      "score": 36,
      "timestamp": "2025-06-15T12:44:35.427302+00:00"
    },
    {
      "symbol": "GIGAUSDT",
      "score": 36,
      "timestamp": "2025-06-15T12:44:35.542679+00:00"
    },
    {
      "symbol": "BLASTUSDT",
      "score": 36,
      "timestamp": "2025-06-15T12:51:41.735546+00:00"
    },
    {
      "symbol": "SPXUSDT",
      "score": 36,
      "timestamp": "2025-06-15T13:32:11.302922+00:00"
    },
    {
      "symbol": "ACHUSDT",
      "score": 36,
      "timestamp": "2025-06-15T13:32:13.511693+00:00"
    },
    {
      "symbol": "GALAUSDT",
      "score": 26,
      "timestamp": "2025-06-15T12:44:35.051371+00:00"
    },
    {
      "symbol": "ETHFIUSDT",
      "score": 26,
      "timestamp": "2025-06-15T13:32:11.212844+00:00"
    },
    {
      "symbol": "ONDOUSDT",
      "score": 26,
      "timestamp": "2025-06-15T13:32:11.629684+00:00"
    },
    {
      "symbol": "AERGOUSDT",
      "score": 26,
      "timestamp": "2025-06-15T13:32:12.613476+00:00"
    },
    {
      "symbol": "CHZUSDT",
      "score": 26,
      "timestamp": "2025-06-15T13:32:14.111461+00:00"
    },
    {
      "symbol": "ORBSUSDT",
      "score": 21,
      "timestamp": "2025-06-15T12:44:34.253766+00:00"
    },
    {
      "symbol": "EPTUSDT",
      "score": 21,
      "timestamp": "2025-06-15T12:44:34.311536+00:00"
    },
    {
      "symbol": "JASMYUSDT",
      "score": 21,
      "timestamp": "2025-06-15T12:44:34.340510+00:00"
    },
    {
      "symbol": "STRKUSDT",
      "score": 21,
      "timestamp": "2025-06-15T12:44:34.400652+00:00"
    },
    {
      "symbol": "HUMAUSDT",
      "score": 21,
      "timestamp": "2025-06-15T12:44:34.429184+00:00"
    }
  ],
  "summary": {
    "total_symbols": 20,
    "avg_score": 29.75,
    "max_score": 36,
    "min_score": 21
  }
}