{
  "report_type": "high_score_symbols",
  "generated_at": "2025-06-09T16:41:00.106131+00:00",
  "criteria": "Top 20 symbols by PPWCS score in last 24 hours",
  "symbols": [
    {
      "symbol": "ACHUSDT",
      "score": 36,
      "timestamp": "2025-06-09T15:45:03.745473+00:00"
    },
    {
      "symbol": "GIGAUSDT",
      "score": 36,
      "timestamp": "2025-06-09T16:41:00.029463+00:00"
    },
    {
      "symbol": "ENAUSDT",
      "score": 26,
      "timestamp": "2025-06-09T15:45:03.730526+00:00"
    },
    {
      "symbol": "CHILLGUYUSDT",
      "score": 26,
      "timestamp": "2025-06-09T15:45:03.733980+00:00"
    },
    {
      "symbol": "ONDOUSDT",
      "score": 26,
      "timestamp": "2025-06-09T16:24:46.828453+00:00"
    },
    {
      "symbol": "FLOCKUSDT",
      "score": 26,
      "timestamp": "2025-06-09T15:45:03.759157+00:00"
    },
    {
      "symbol": "GALAUSDT",
      "score": 26,
      "timestamp": "2025-06-09T15:45:03.778198+00:00"
    },
    {
      "symbol": "MOODENGUSDT",
      "score": 26,
      "timestamp": "2025-06-09T15:45:03.780110+00:00"
    },
    {
      "symbol": "LEVERUSDT",
      "score": 26,
      "timestamp": "2025-06-09T15:45:03.799835+00:00"
    },
    {
      "symbol": "BLASTUSDT",
      "score": 26,
      "timestamp": "2025-06-09T15:58:23.125630+00:00"
    },
    {
      "symbol": "AERGOUSDT",
      "score": 26,
      "timestamp": "2025-06-09T15:58:23.182918+00:00"
    },
    {
      "symbol": "ETHFIUSDT",
      "score": 26,
      "timestamp": "2025-06-09T15:58:23.217642+00:00"
    },
    {
      "symbol": "SIGNUSDT",
      "score": 26,
      "timestamp": "2025-06-09T16:24:46.731099+00:00"
    },
    {
      "symbol": "MASKUSDT",
      "score": 26,
      "timestamp": "2025-06-09T16:24:46.839512+00:00"
    },
    {
      "symbol": "CHZUSDT",
      "score": 26,
      "timestamp": "2025-06-09T16:41:00.092846+00:00"
    },
    {
      "symbol": "JASMYUSDT",
      "score": 21,
      "timestamp": "2025-06-09T16:40:59.960660+00:00"
    },
    {
      "symbol": "REZUSDT",
      "score": 21,
      "timestamp": "2025-06-09T16:41:00.012936+00:00"
    },
    {
      "symbol": "DOGUSDT",
      "score": 21,
      "timestamp": "2025-06-09T16:40:59.964608+00:00"
    },
    {
      "symbol": "AGTUSDT",
      "score": 21,
      "timestamp": "2025-06-09T15:58:23.151011+00:00"
    },
    {
      "symbol": "OBTUSDT",
      "score": 21,
      "timestamp": "2025-06-09T16:41:00.004817+00:00"
    }
  ],
  "summary": {
    "total_symbols": 20,
    "avg_score": 25.75,
    "max_score": 36,
    "min_score": 21
  }
}