[
  {
    "symbol": "1INCHUSDT",
    "timestamp": "2025-06-03T15:59:03.406294+00:00",
    "ppwcs_score": 21,
    "stage_minus2": false,
    "stage_minus1": {
      "strength": 15.384615384615385,
      "confidence": 0.0,
      "momentum": false,
      "volume_confirmed": false,
      "technical_alignment": false
    },
    "stage_1g": false
  },
  {
    "symbol": "AAVEUSDT",
    "timestamp": "2025-06-03T15:59:16.877192+00:00",
    "ppwcs_score": 21,
    "stage_minus2": false,
    "stage_minus1": {
      "strength": 15.384615384615385,
      "confidence": 0.0,
      "momentum": false,
      "volume_confirmed": false,
      "technical_alignment": false
    },
    "stage_1g": false
  },
  {
    "symbol": "ACEUSDT",
    "timestamp": "2025-06-03T15:59:27.862052+00:00",
    "ppwcs_score": 21,
    "stage_minus2": true,
    "stage_minus1": {
      "strength": 23.076923076923077,
      "confidence": 50.0,
      "momentum": false,
      "volume_confirmed": true,
      "technical_alignment": false
    },
    "stage_1g": false
  },
  {
    "symbol": "ACHUSDT",
    "timestamp": "2025-06-03T15:59:40.497975+00:00",
    "ppwcs_score": 21,
    "stage_minus2": true,
    "stage_minus1": {
      "strength": 23.076923076923077,
      "confidence": 50.0,
      "momentum": false,
      "volume_confirmed": true,
      "technical_alignment": false
    },
    "stage_1g": false
  },
  {
    "symbol": "ACTUSDT",
    "timestamp": "2025-06-03T15:59:57.610277+00:00",
    "ppwcs_score": 21,
    "stage_minus2": false,
    "stage_minus1": {
      "strength": 15.384615384615385,
      "confidence": 0.0,
      "momentum": false,
      "volume_confirmed": false,
      "technical_alignment": false
    },
    "stage_1g": false
  },
  {
    "symbol": "ACXUSDT",
    "timestamp": "2025-06-03T16:00:07.190504+00:00",
    "ppwcs_score": 21,
    "stage_minus2": true,
    "stage_minus1": {
      "strength": 23.076923076923077,
      "confidence": 50.0,
      "momentum": false,
      "volume_confirmed": true,
      "technical_alignment": false
    },
    "stage_1g": false
  },
  {
    "symbol": "ADAUSDT",
    "timestamp": "2025-06-03T16:00:18.483655+00:00",
    "ppwcs_score": 21,
    "stage_minus2": true,
    "stage_minus1": {
      "strength": 23.076923076923077,
      "confidence": 50.0,
      "momentum": false,
      "volume_confirmed": true,
      "technical_alignment": false
    },
    "stage_1g": false
  },
  {
    "symbol": "AERGOUSDT",
    "timestamp": "2025-06-03T16:00:33.943067+00:00",
    "ppwcs_score": 21,
    "stage_minus2": true,
    "stage_minus1": {
      "strength": 23.076923076923077,
      "confidence": 50.0,
      "momentum": false,
      "volume_confirmed": true,
      "technical_alignment": false
    },
    "stage_1g": false
  },
  {
    "symbol": "AEVOUSDT",
    "timestamp": "2025-06-03T16:00:42.814152+00:00",
    "ppwcs_score": 21,
    "stage_minus2": true,
    "stage_minus1": {
      "strength": 23.076923076923077,
      "confidence": 50.0,
      "momentum": false,
      "volume_confirmed": true,
      "technical_alignment": false
    },
    "stage_1g": false
  },
  {
    "symbol": "AGIUSDT",
    "timestamp": "2025-06-03T16:00:51.519330+00:00",
    "ppwcs_score": 21,
    "stage_minus2": true,
    "stage_minus1": {
      "strength": 23.076923076923077,
      "confidence": 50.0,
      "momentum": false,
      "volume_confirmed": true,
      "technical_alignment": false
    },
    "stage_1g": false
  },
  {
    "symbol": "AGLDUSDT",
    "timestamp": "2025-06-03T16:01:01.517825+00:00",
    "ppwcs_score": 21,
    "stage_minus2": true,
    "stage_minus1": {
      "strength": 23.076923076923077,
      "confidence": 50.0,
      "momentum": false,
      "volume_confirmed": true,
      "technical_alignment": false
    },
    "stage_1g": false
  },
  {
    "symbol": "AGTUSDT",
    "timestamp": "2025-06-03T16:01:11.512591+00:00",
    "ppwcs_score": 21,
    "stage_minus2": true,
    "stage_minus1": {
      "strength": 23.076923076923077,
      "confidence": 50.0,
      "momentum": false,
      "volume_confirmed": true,
      "technical_alignment": false
    },
    "stage_1g": false
  },
  {
    "symbol": "AIOZUSDT",
    "timestamp": "2025-06-03T16:01:24.760606+00:00",
    "ppwcs_score": 21,
    "stage_minus2": true,
    "stage_minus1": {
      "strength": 23.076923076923077,
      "confidence": 50.0,
      "momentum": false,
      "volume_confirmed": true,
      "technical_alignment": false
    },
    "stage_1g": false
  },
  {
    "symbol": "1INCHUSDT",
    "timestamp": "2025-06-03T16:03:32.842699+00:00",
    "ppwcs_score": 21,
    "stage_minus2": true,
    "stage_minus1": {
      "strength": 23.076923076923077,
      "confidence": 50.0,
      "momentum": false,
      "volume_confirmed": true,
      "technical_alignment": false
    },
    "stage_1g": false
  },
  {
    "symbol": "AAVEUSDT",
    "timestamp": "2025-06-03T16:03:41.890803+00:00",
    "ppwcs_score": 21,
    "stage_minus2": true,
    "stage_minus1": {
      "strength": 23.076923076923077,
      "confidence": 50.0,
      "momentum": false,
      "volume_confirmed": true,
      "technical_alignment": false
    },
    "stage_1g": false
  },
  {
    "symbol": "ACEUSDT",
    "timestamp": "2025-06-03T16:03:47.677590+00:00",
    "ppwcs_score": 21,
    "stage_minus2": false,
    "stage_minus1": {
      "strength": 15.384615384615385,
      "confidence": 0.0,
      "momentum": false,
      "volume_confirmed": false,
      "technical_alignment": false
    },
    "stage_1g": false
  },
  {
    "symbol": "ACHUSDT",
    "timestamp": "2025-06-03T16:03:58.462488+00:00",
    "ppwcs_score": 21,
    "stage_minus2": false,
    "stage_minus1": {
      "strength": 15.384615384615385,
      "confidence": 0.0,
      "momentum": false,
      "volume_confirmed": false,
      "technical_alignment": false
    },
    "stage_1g": false
  },
  {
    "symbol": "1INCHUSDT",
    "timestamp": "2025-06-03T16:23:24.754390+00:00",
    "ppwcs_score": 26,
    "stage_minus2": true,
    "stage_minus1": {
      "strength": 23.076923076923077,
      "confidence": 0.0,
      "momentum": false,
      "volume_confirmed": false,
      "technical_alignment": false
    },
    "stage_1g": false
  },
  {
    "symbol": "AAVEUSDT",
    "timestamp": "2025-06-03T16:23:29.963566+00:00",
    "ppwcs_score": 26,
    "stage_minus2": true,
    "stage_minus1": {
      "strength": 23.076923076923077,
      "confidence": 0.0,
      "momentum": false,
      "volume_confirmed": false,
      "technical_alignment": false
    },
    "stage_1g": false
  },
  {
    "symbol": "ACEUSDT",
    "timestamp": "2025-06-03T16:23:33.771274+00:00",
    "ppwcs_score": 36,
    "stage_minus2": true,
    "stage_minus1": {
      "strength": 30.76923076923077,
      "confidence": 50.0,
      "momentum": false,
      "volume_confirmed": true,
      "technical_alignment": false
    },
    "stage_1g": false
  },
  {
    "symbol": "ACHUSDT",
    "timestamp": "2025-06-03T16:23:40.696846+00:00",
    "ppwcs_score": 36,
    "stage_minus2": true,
    "stage_minus1": {
      "strength": 30.76923076923077,
      "confidence": 50.0,
      "momentum": false,
      "volume_confirmed": true,
      "technical_alignment": false
    },
    "stage_1g": false
  },
  {
    "symbol": "1INCHUSDT",
    "timestamp": "2025-06-03T16:29:34.646946+00:00",
    "ppwcs_score": 26,
    "stage_minus2": true,
    "stage_minus1": {
      "strength": 23.076923076923077,
      "confidence": 0.0,
      "momentum": false,
      "volume_confirmed": false,
      "technical_alignment": false
    },
    "stage_1g": false
  },
  {
    "symbol": "AAVEUSDT",
    "timestamp": "2025-06-03T16:29:38.214214+00:00",
    "ppwcs_score": 26,
    "stage_minus2": true,
    "stage_minus1": {
      "strength": 23.076923076923077,
      "confidence": 0.0,
      "momentum": false,
      "volume_confirmed": false,
      "technical_alignment": false
    },
    "stage_1g": false
  },
  {
    "symbol": "1INCHUSDT",
    "timestamp": "2025-06-03T16:33:31.127294+00:00",
    "ppwcs_score": 36,
    "stage_minus2": true,
    "stage_minus1": {
      "strength": 30.76923076923077,
      "confidence": 50.0,
      "momentum": false,
      "volume_confirmed": true,
      "technical_alignment": false
    },
    "stage_1g": false
  },
  {
    "symbol": "1INCHUSDT",
    "timestamp": "2025-06-03T16:36:57.030516+00:00",
    "ppwcs_score": 36,
    "stage_minus2": true,
    "stage_minus1": {
      "strength": 23.076923076923077,
      "confidence": 0.0,
      "momentum": false,
      "volume_confirmed": false,
      "technical_alignment": false
    },
    "stage_1g": false
  },
  {
    "symbol": "1INCHUSDT",
    "timestamp": "2025-06-03T16:40:31.452458+00:00",
    "ppwcs_score": 36,
    "stage_minus2": true,
    "stage_minus1": {
      "strength": 23.076923076923077,
      "confidence": 0.0,
      "momentum": false,
      "volume_confirmed": false,
      "technical_alignment": false
    },
    "stage_1g": false
  },
  {
    "symbol": "1INCHUSDT",
    "timestamp": "2025-06-03T16:43:04.809682+00:00",
    "ppwcs_score": 36,
    "stage_minus2": true,
    "stage_minus1": {
      "strength": 23.076923076923077,
      "confidence": 0.0,
      "momentum": false,
      "volume_confirmed": false,
      "technical_alignment": false
    },
    "stage_1g": false
  },
  {
    "symbol": "AAVEUSDT",
    "timestamp": "2025-06-03T16:43:08.921329+00:00",
    "ppwcs_score": 26,
    "stage_minus2": true,
    "stage_minus1": {
      "strength": 23.076923076923077,
      "confidence": 0.0,
      "momentum": false,
      "volume_confirmed": false,
      "technical_alignment": false
    },
    "stage_1g": false
  },
  {
    "symbol": "ACEUSDT",
    "timestamp": "2025-06-03T16:43:12.619927+00:00",
    "ppwcs_score": 36,
    "stage_minus2": true,
    "stage_minus1": {
      "strength": 30.76923076923077,
      "confidence": 50.0,
      "momentum": false,
      "volume_confirmed": true,
      "technical_alignment": false
    },
    "stage_1g": false
  },
  {
    "symbol": "1INCHUSDT",
    "timestamp": "2025-06-03T17:12:42.998613+00:00",
    "ppwcs_score": 36,
    "stage_minus2": false,
    "stage_minus1": {
      "strength": 15.384615384615385,
      "confidence": 0.0,
      "momentum": false,
      "volume_confirmed": false,
      "technical_alignment": false
    },
    "stage_1g": false
  },
  {
    "symbol": "AAVEUSDT",
    "timestamp": "2025-06-03T17:12:51.329459+00:00",
    "ppwcs_score": 26,
    "stage_minus2": false,
    "stage_minus1": {
      "strength": 15.384615384615385,
      "confidence": 0.0,
      "momentum": false,
      "volume_confirmed": false,
      "technical_alignment": false
    },
    "stage_1g": false
  },
  {
    "symbol": "1INCHUSDT",
    "timestamp": "2025-06-03T17:20:35.937366+00:00",
    "ppwcs_score": 36,
    "stage_minus2": false,
    "stage_minus1": {
      "strength": 15.384615384615385,
      "confidence": 0.0,
      "momentum": false,
      "volume_confirmed": false,
      "technical_alignment": false
    },
    "stage_1g": false
  },
  {
    "symbol": "AAVEUSDT",
    "timestamp": "2025-06-03T17:20:44.143051+00:00",
    "ppwcs_score": 26,
    "stage_minus2": false,
    "stage_minus1": {
      "strength": 15.384615384615385,
      "confidence": 0.0,
      "momentum": false,
      "volume_confirmed": false,
      "technical_alignment": false
    },
    "stage_1g": false
  },
  {
    "symbol": "ACEUSDT",
    "timestamp": "2025-06-03T17:20:52.379500+00:00",
    "ppwcs_score": 36,
    "stage_minus2": true,
    "stage_minus1": {
      "strength": 23.076923076923077,
      "confidence": 50.0,
      "momentum": false,
      "volume_confirmed": true,
      "technical_alignment": false
    },
    "stage_1g": false
  },
  {
    "symbol": "ACHUSDT",
    "timestamp": "2025-06-03T17:21:05.923083+00:00",
    "ppwcs_score": 36,
    "stage_minus2": true,
    "stage_minus1": {
      "strength": 23.076923076923077,
      "confidence": 50.0,
      "momentum": false,
      "volume_confirmed": true,
      "technical_alignment": false
    },
    "stage_1g": false
  },
  {
    "symbol": "ACTUSDT",
    "timestamp": "2025-06-03T17:21:15.755969+00:00",
    "ppwcs_score": 21,
    "stage_minus2": true,
    "stage_minus1": {
      "strength": 23.076923076923077,
      "confidence": 50.0,
      "momentum": false,
      "volume_confirmed": true,
      "technical_alignment": false
    },
    "stage_1g": false
  },
  {
    "symbol": "1INCHUSDT",
    "timestamp": "2025-06-03T17:22:17.298191+00:00",
    "ppwcs_score": 36,
    "stage_minus2": false,
    "stage_minus1": {
      "strength": 15.384615384615385,
      "confidence": 0.0,
      "momentum": false,
      "volume_confirmed": false,
      "technical_alignment": false
    },
    "stage_1g": false
  },
  {
    "symbol": "AAVEUSDT",
    "timestamp": "2025-06-03T17:22:23.363786+00:00",
    "ppwcs_score": 26,
    "stage_minus2": false,
    "stage_minus1": {
      "strength": 15.384615384615385,
      "confidence": 0.0,
      "momentum": false,
      "volume_confirmed": false,
      "technical_alignment": false
    },
    "stage_1g": false
  },
  {
    "symbol": "ACEUSDT",
    "timestamp": "2025-06-03T17:22:29.314117+00:00",
    "ppwcs_score": 36,
    "stage_minus2": true,
    "stage_minus1": {
      "strength": 23.076923076923077,
      "confidence": 50.0,
      "momentum": false,
      "volume_confirmed": true,
      "technical_alignment": false
    },
    "stage_1g": false
  },
  {
    "symbol": "ACHUSDT",
    "timestamp": "2025-06-03T17:22:39.681184+00:00",
    "ppwcs_score": 36,
    "stage_minus2": true,
    "stage_minus1": {
      "strength": 23.076923076923077,
      "confidence": 50.0,
      "momentum": false,
      "volume_confirmed": true,
      "technical_alignment": false
    },
    "stage_1g": false
  },
  {
    "symbol": "ACTUSDT",
    "timestamp": "2025-06-03T17:22:46.333838+00:00",
    "ppwcs_score": 21,
    "stage_minus2": true,
    "stage_minus1": {
      "strength": 23.076923076923077,
      "confidence": 50.0,
      "momentum": false,
      "volume_confirmed": true,
      "technical_alignment": false
    },
    "stage_1g": false
  },
  {
    "symbol": "ACXUSDT",
    "timestamp": "2025-06-03T17:22:55.886837+00:00",
    "ppwcs_score": 21,
    "stage_minus2": true,
    "stage_minus1": {
      "strength": 23.076923076923077,
      "confidence": 50.0,
      "momentum": false,
      "volume_confirmed": true,
      "technical_alignment": false
    },
    "stage_1g": false
  },
  {
    "symbol": "ADAUSDT",
    "timestamp": "2025-06-03T17:23:07.566555+00:00",
    "ppwcs_score": 21,
    "stage_minus2": false,
    "stage_minus1": {
      "strength": 15.384615384615385,
      "confidence": 0.0,
      "momentum": false,
      "volume_confirmed": false,
      "technical_alignment": false
    },
    "stage_1g": false
  },
  {
    "symbol": "AERGOUSDT",
    "timestamp": "2025-06-03T17:23:16.443641+00:00",
    "ppwcs_score": 21,
    "stage_minus2": true,
    "stage_minus1": {
      "strength": 23.076923076923077,
      "confidence": 50.0,
      "momentum": false,
      "volume_confirmed": true,
      "technical_alignment": false
    },
    "stage_1g": false
  },
  {
    "symbol": "AEVOUSDT",
    "timestamp": "2025-06-03T17:23:23.518395+00:00",
    "ppwcs_score": 21,
    "stage_minus2": false,
    "stage_minus1": {
      "strength": 15.384615384615385,
      "confidence": 0.0,
      "momentum": false,
      "volume_confirmed": false,
      "technical_alignment": false
    },
    "stage_1g": false
  },
  {
    "symbol": "AGIUSDT",
    "timestamp": "2025-06-03T17:23:34.134863+00:00",
    "ppwcs_score": 21,
    "stage_minus2": true,
    "stage_minus1": {
      "strength": 23.076923076923077,
      "confidence": 50.0,
      "momentum": false,
      "volume_confirmed": true,
      "technical_alignment": false
    },
    "stage_1g": false
  },
  {
    "symbol": "AGLDUSDT",
    "timestamp": "2025-06-03T17:23:42.147559+00:00",
    "ppwcs_score": 21,
    "stage_minus2": true,
    "stage_minus1": {
      "strength": 23.076923076923077,
      "confidence": 50.0,
      "momentum": false,
      "volume_confirmed": true,
      "technical_alignment": false
    },
    "stage_1g": false
  },
  {
    "symbol": "AGTUSDT",
    "timestamp": "2025-06-03T17:23:53.563594+00:00",
    "ppwcs_score": 21,
    "stage_minus2": false,
    "stage_minus1": {
      "strength": 15.384615384615385,
      "confidence": 0.0,
      "momentum": false,
      "volume_confirmed": false,
      "technical_alignment": false
    },
    "stage_1g": false
  },
  {
    "symbol": "AIOZUSDT",
    "timestamp": "2025-06-03T17:24:03.896783+00:00",
    "ppwcs_score": 21,
    "stage_minus2": false,
    "stage_minus1": {
      "strength": 15.384615384615385,
      "confidence": 0.0,
      "momentum": false,
      "volume_confirmed": false,
      "technical_alignment": false
    },
    "stage_1g": false
  },
  {
    "symbol": "ALEOUSDT",
    "timestamp": "2025-06-03T17:24:14.491475+00:00",
    "ppwcs_score": 11,
    "stage_minus2": false,
    "stage_minus1": {
      "strength": 15.384615384615385,
      "confidence": 0.0,
      "momentum": false,
      "volume_confirmed": false,
      "technical_alignment": false
    },
    "stage_1g": false
  },
  {
    "symbol": "ALICEUSDT",
    "timestamp": "2025-06-03T17:24:28.454074+00:00",
    "ppwcs_score": 21,
    "stage_minus2": false,
    "stage_minus1": {
      "strength": 15.384615384615385,
      "confidence": 0.0,
      "momentum": false,
      "volume_confirmed": false,
      "technical_alignment": false
    },
    "stage_1g": false
  },
  {
    "symbol": "ALPHAUSDT",
    "timestamp": "2025-06-03T17:24:40.794532+00:00",
    "ppwcs_score": 11,
    "stage_minus2": false,
    "stage_minus1": {
      "strength": 15.384615384615385,
      "confidence": 0.0,
      "momentum": false,
      "volume_confirmed": false,
      "technical_alignment": false
    },
    "stage_1g": false
  },
  {
    "symbol": "ALTUSDT",
    "timestamp": "2025-06-03T17:24:52.968911+00:00",
    "ppwcs_score": 21,
    "stage_minus2": false,
    "stage_minus1": {
      "strength": 15.384615384615385,
      "confidence": 0.0,
      "momentum": false,
      "volume_confirmed": false,
      "technical_alignment": false
    },
    "stage_1g": false
  },
  {
    "symbol": "ALUUSDT",
    "timestamp": "2025-06-03T17:25:05.475254+00:00",
    "ppwcs_score": 21,
    "stage_minus2": false,
    "stage_minus1": {
      "strength": 15.384615384615385,
      "confidence": 0.0,
      "momentum": false,
      "volume_confirmed": false,
      "technical_alignment": false
    },
    "stage_1g": false
  },
  {
    "symbol": "ANIMEUSDT",
    "timestamp": "2025-06-03T17:25:14.152294+00:00",
    "ppwcs_score": 21,
    "stage_minus2": false,
    "stage_minus1": {
      "strength": 15.384615384615385,
      "confidence": 0.0,
      "momentum": false,
      "volume_confirmed": false,
      "technical_alignment": false
    },
    "stage_1g": false
  },
  {
    "symbol": "ANKRUSDT",
    "timestamp": "2025-06-03T17:25:28.646465+00:00",
    "ppwcs_score": 21,
    "stage_minus2": false,
    "stage_minus1": {
      "strength": 15.384615384615385,
      "confidence": 0.0,
      "momentum": false,
      "volume_confirmed": false,
      "technical_alignment": false
    },
    "stage_1g": false
  },
  {
    "symbol": "APEUSDT",
    "timestamp": "2025-06-03T17:25:35.998282+00:00",
    "ppwcs_score": 21,
    "stage_minus2": false,
    "stage_minus1": {
      "strength": 15.384615384615385,
      "confidence": 0.0,
      "momentum": false,
      "volume_confirmed": false,
      "technical_alignment": false
    },
    "stage_1g": false
  },
  {
    "symbol": "ARBUSDT",
    "timestamp": "2025-06-03T17:25:45.113276+00:00",
    "ppwcs_score": 21,
    "stage_minus2": false,
    "stage_minus1": {
      "strength": 15.384615384615385,
      "confidence": 0.0,
      "momentum": false,
      "volume_confirmed": false,
      "technical_alignment": false
    },
    "stage_1g": false
  },
  {
    "symbol": "ARKMUSDT",
    "timestamp": "2025-06-03T17:25:53.731089+00:00",
    "ppwcs_score": 11,
    "stage_minus2": false,
    "stage_minus1": {
      "strength": 15.384615384615385,
      "confidence": 0.0,
      "momentum": false,
      "volume_confirmed": false,
      "technical_alignment": false
    },
    "stage_1g": false
  },
  {
    "symbol": "ARKUSDT",
    "timestamp": "2025-06-03T17:26:00.240333+00:00",
    "ppwcs_score": 21,
    "stage_minus2": false,
    "stage_minus1": {
      "strength": 15.384615384615385,
      "confidence": 0.0,
      "momentum": false,
      "volume_confirmed": false,
      "technical_alignment": false
    },
    "stage_1g": false
  }
]