[
  {
    "symbol": "1000000BABYDOGEUSDT",
    "timestamp": "2025-06-02T17:23:46.133163",
    "ppwcs_score": 11,
    "stage_minus2": false,
    "stage_minus1": {
      "strength": 15.384615384615385,
      "confidence": 0.0,
      "momentum": false,
      "volume_confirmed": false,
      "technical_alignment": false
    },
    "stage_1g": false
  },
  {
    "symbol": "1000000CHEEMSUSDT",
    "timestamp": "2025-06-02T17:23:55.889018",
    "ppwcs_score": 11,
    "stage_minus2": false,
    "stage_minus1": {
      "strength": 15.384615384615385,
      "confidence": 0.0,
      "momentum": false,
      "volume_confirmed": false,
      "technical_alignment": false
    },
    "stage_1g": false
  },
  {
    "symbol": "1000000MOGUSDT",
    "timestamp": "2025-06-02T17:24:02.016265",
    "ppwcs_score": 21,
    "stage_minus2": true,
    "stage_minus1": {
      "strength": 23.076923076923077,
      "confidence": 50.0,
      "momentum": false,
      "volume_confirmed": true,
      "technical_alignment": false
    },
    "stage_1g": false
  },
  {
    "symbol": "1000000PEIPEIUSDT",
    "timestamp": "2025-06-02T17:24:07.799869",
    "ppwcs_score": 11,
    "stage_minus2": false,
    "stage_minus1": {
      "strength": 15.384615384615385,
      "confidence": 0.0,
      "momentum": false,
      "volume_confirmed": false,
      "technical_alignment": false
    },
    "stage_1g": false
  },
  {
    "symbol": "10000COQUSDT",
    "timestamp": "2025-06-02T17:24:09.692848",
    "ppwcs_score": 11,
    "stage_minus2": false,
    "stage_minus1": {
      "strength": 15.384615384615385,
      "confidence": 0.0,
      "momentum": false,
      "volume_confirmed": false,
      "technical_alignment": false
    },
    "stage_1g": false
  },
  {
    "symbol": "10000ELONUSDT",
    "timestamp": "2025-06-02T17:24:16.744572",
    "ppwcs_score": 11,
    "stage_minus2": false,
    "stage_minus1": {
      "strength": 15.384615384615385,
      "confidence": 0.0,
      "momentum": false,
      "volume_confirmed": false,
      "technical_alignment": false
    },
    "stage_1g": false
  },
  {
    "symbol": "10000LADYSUSDT",
    "timestamp": "2025-06-02T17:24:29.856683",
    "ppwcs_score": 21,
    "stage_minus2": true,
    "stage_minus1": {
      "strength": 23.076923076923077,
      "confidence": 50.0,
      "momentum": false,
      "volume_confirmed": true,
      "technical_alignment": false
    },
    "stage_1g": false
  },
  {
    "symbol": "10000QUBICUSDT",
    "timestamp": "2025-06-02T17:24:31.511673",
    "ppwcs_score": 11,
    "stage_minus2": false,
    "stage_minus1": {
      "strength": 15.384615384615385,
      "confidence": 0.0,
      "momentum": false,
      "volume_confirmed": false,
      "technical_alignment": false
    },
    "stage_1g": false
  },
  {
    "symbol": "10000SATSUSDT",
    "timestamp": "2025-06-02T17:24:33.266355",
    "ppwcs_score": 11,
    "stage_minus2": false,
    "stage_minus1": {
      "strength": 15.384615384615385,
      "confidence": 0.0,
      "momentum": false,
      "volume_confirmed": false,
      "technical_alignment": false
    },
    "stage_1g": false
  },
  {
    "symbol": "10000WENUSDT",
    "timestamp": "2025-06-02T17:24:34.942704",
    "ppwcs_score": 21,
    "stage_minus2": true,
    "stage_minus1": {
      "strength": 23.076923076923077,
      "confidence": 50.0,
      "momentum": false,
      "volume_confirmed": true,
      "technical_alignment": false
    },
    "stage_1g": false
  },
  {
    "symbol": "10000WHYUSDT",
    "timestamp": "2025-06-02T17:24:36.887385",
    "ppwcs_score": 11,
    "stage_minus2": false,
    "stage_minus1": {
      "strength": 15.384615384615385,
      "confidence": 0.0,
      "momentum": false,
      "volume_confirmed": false,
      "technical_alignment": false
    },
    "stage_1g": false
  },
  {
    "symbol": "1INCHUSDT",
    "timestamp": "2025-06-02T17:32:42.056322",
    "ppwcs_score": 21,
    "stage_minus2": true,
    "stage_minus1": {
      "strength": 23.076923076923077,
      "confidence": 50.0,
      "momentum": false,
      "volume_confirmed": true,
      "technical_alignment": false
    },
    "stage_1g": false
  },
  {
    "symbol": "AAVEUSDT",
    "timestamp": "2025-06-02T17:32:48.826091",
    "ppwcs_score": 21,
    "stage_minus2": true,
    "stage_minus1": {
      "strength": 23.076923076923077,
      "confidence": 50.0,
      "momentum": false,
      "volume_confirmed": true,
      "technical_alignment": false
    },
    "stage_1g": false
  },
  {
    "symbol": "ACEUSDT",
    "timestamp": "2025-06-02T17:32:56.317886",
    "ppwcs_score": 11,
    "stage_minus2": false,
    "stage_minus1": {
      "strength": 15.384615384615385,
      "confidence": 0.0,
      "momentum": false,
      "volume_confirmed": false,
      "technical_alignment": false
    },
    "stage_1g": false
  },
  {
    "symbol": "ACHUSDT",
    "timestamp": "2025-06-02T17:33:03.276349",
    "ppwcs_score": 11,
    "stage_minus2": false,
    "stage_minus1": {
      "strength": 15.384615384615385,
      "confidence": 0.0,
      "momentum": false,
      "volume_confirmed": false,
      "technical_alignment": false
    },
    "stage_1g": false
  },
  {
    "symbol": "ACTUSDT",
    "timestamp": "2025-06-02T17:33:08.628808",
    "ppwcs_score": 21,
    "stage_minus2": true,
    "stage_minus1": {
      "strength": 23.076923076923077,
      "confidence": 50.0,
      "momentum": false,
      "volume_confirmed": true,
      "technical_alignment": false
    },
    "stage_1g": false
  },
  {
    "symbol": "ACXUSDT",
    "timestamp": "2025-06-02T17:33:14.824559",
    "ppwcs_score": 11,
    "stage_minus2": false,
    "stage_minus1": {
      "strength": 15.384615384615385,
      "confidence": 0.0,
      "momentum": false,
      "volume_confirmed": false,
      "technical_alignment": false
    },
    "stage_1g": false
  },
  {
    "symbol": "ADAUSDT",
    "timestamp": "2025-06-02T17:33:30.997453",
    "ppwcs_score": 21,
    "stage_minus2": true,
    "stage_minus1": {
      "strength": 23.076923076923077,
      "confidence": 50.0,
      "momentum": false,
      "volume_confirmed": true,
      "technical_alignment": false
    },
    "stage_1g": false
  },
  {
    "symbol": "AERGOUSDT",
    "timestamp": "2025-06-02T17:33:36.730836",
    "ppwcs_score": 21,
    "stage_minus2": true,
    "stage_minus1": {
      "strength": 23.076923076923077,
      "confidence": 50.0,
      "momentum": false,
      "volume_confirmed": true,
      "technical_alignment": false
    },
    "stage_1g": false
  },
  {
    "symbol": "AEROUSDT",
    "timestamp": "2025-06-02T17:33:38.544937",
    "ppwcs_score": 21,
    "stage_minus2": true,
    "stage_minus1": {
      "strength": 23.076923076923077,
      "confidence": 50.0,
      "momentum": false,
      "volume_confirmed": true,
      "technical_alignment": false
    },
    "stage_1g": false
  },
  {
    "symbol": "AEVOUSDT",
    "timestamp": "2025-06-02T17:33:44.087777",
    "ppwcs_score": 21,
    "stage_minus2": true,
    "stage_minus1": {
      "strength": 23.076923076923077,
      "confidence": 50.0,
      "momentum": false,
      "volume_confirmed": true,
      "technical_alignment": false
    },
    "stage_1g": false
  },
  {
    "symbol": "AGIUSDT",
    "timestamp": "2025-06-02T17:33:50.261575",
    "ppwcs_score": 21,
    "stage_minus2": true,
    "stage_minus1": {
      "strength": 23.076923076923077,
      "confidence": 50.0,
      "momentum": false,
      "volume_confirmed": true,
      "technical_alignment": false
    },
    "stage_1g": false
  },
  {
    "symbol": "AGLDUSDT",
    "timestamp": "2025-06-02T17:33:56.403583",
    "ppwcs_score": 21,
    "stage_minus2": true,
    "stage_minus1": {
      "strength": 23.076923076923077,
      "confidence": 50.0,
      "momentum": false,
      "volume_confirmed": true,
      "technical_alignment": false
    },
    "stage_1g": false
  },
  {
    "symbol": "AGTUSDT",
    "timestamp": "2025-06-02T17:34:02.967769",
    "ppwcs_score": 21,
    "stage_minus2": true,
    "stage_minus1": {
      "strength": 23.076923076923077,
      "confidence": 50.0,
      "momentum": false,
      "volume_confirmed": true,
      "technical_alignment": false
    },
    "stage_1g": false
  },
  {
    "symbol": "AIOZUSDT",
    "timestamp": "2025-06-02T17:34:10.544182",
    "ppwcs_score": 21,
    "stage_minus2": true,
    "stage_minus1": {
      "strength": 23.076923076923077,
      "confidence": 50.0,
      "momentum": false,
      "volume_confirmed": true,
      "technical_alignment": false
    },
    "stage_1g": false
  },
  {
    "symbol": "AIXBTUSDT",
    "timestamp": "2025-06-02T17:34:12.483486",
    "ppwcs_score": 21,
    "stage_minus2": true,
    "stage_minus1": {
      "strength": 23.076923076923077,
      "confidence": 50.0,
      "momentum": false,
      "volume_confirmed": true,
      "technical_alignment": false
    },
    "stage_1g": false
  },
  {
    "symbol": "AKTUSDT",
    "timestamp": "2025-06-02T17:34:14.818466",
    "ppwcs_score": 21,
    "stage_minus2": true,
    "stage_minus1": {
      "strength": 23.076923076923077,
      "confidence": 50.0,
      "momentum": false,
      "volume_confirmed": true,
      "technical_alignment": false
    },
    "stage_1g": false
  },
  {
    "symbol": "ALCHUSDT",
    "timestamp": "2025-06-02T17:34:16.567522",
    "ppwcs_score": 11,
    "stage_minus2": false,
    "stage_minus1": {
      "strength": 15.384615384615385,
      "confidence": 0.0,
      "momentum": false,
      "volume_confirmed": false,
      "technical_alignment": false
    },
    "stage_1g": false
  },
  {
    "symbol": "ALEOUSDT",
    "timestamp": "2025-06-02T17:34:23.995863",
    "ppwcs_score": 11,
    "stage_minus2": false,
    "stage_minus1": {
      "strength": 15.384615384615385,
      "confidence": 0.0,
      "momentum": false,
      "volume_confirmed": false,
      "technical_alignment": false
    },
    "stage_1g": false
  },
  {
    "symbol": "ALGOUSDT",
    "timestamp": "2025-06-02T17:34:26.063095",
    "ppwcs_score": 21,
    "stage_minus2": true,
    "stage_minus1": {
      "strength": 23.076923076923077,
      "confidence": 50.0,
      "momentum": false,
      "volume_confirmed": true,
      "technical_alignment": false
    },
    "stage_1g": false
  },
  {
    "symbol": "ALICEUSDT",
    "timestamp": "2025-06-02T17:34:32.620926",
    "ppwcs_score": 21,
    "stage_minus2": true,
    "stage_minus1": {
      "strength": 23.076923076923077,
      "confidence": 50.0,
      "momentum": false,
      "volume_confirmed": true,
      "technical_alignment": false
    },
    "stage_1g": false
  },
  {
    "symbol": "ALPHAUSDT",
    "timestamp": "2025-06-02T17:34:43.333018",
    "ppwcs_score": 11,
    "stage_minus2": false,
    "stage_minus1": {
      "strength": 15.384615384615385,
      "confidence": 0.0,
      "momentum": false,
      "volume_confirmed": false,
      "technical_alignment": false
    },
    "stage_1g": false
  },
  {
    "symbol": "ALTUSDT",
    "timestamp": "2025-06-02T17:34:50.013340",
    "ppwcs_score": 21,
    "stage_minus2": true,
    "stage_minus1": {
      "strength": 23.076923076923077,
      "confidence": 50.0,
      "momentum": false,
      "volume_confirmed": true,
      "technical_alignment": false
    },
    "stage_1g": false
  },
  {
    "symbol": "ALUUSDT",
    "timestamp": "2025-06-02T17:34:57.309313",
    "ppwcs_score": 21,
    "stage_minus2": true,
    "stage_minus1": {
      "strength": 23.076923076923077,
      "confidence": 50.0,
      "momentum": false,
      "volume_confirmed": true,
      "technical_alignment": false
    },
    "stage_1g": false
  },
  {
    "symbol": "ANIMEUSDT",
    "timestamp": "2025-06-02T17:35:02.333646",
    "ppwcs_score": 21,
    "stage_minus2": true,
    "stage_minus1": {
      "strength": 23.076923076923077,
      "confidence": 50.0,
      "momentum": false,
      "volume_confirmed": true,
      "technical_alignment": false
    },
    "stage_1g": false
  },
  {
    "symbol": "ANKRUSDT",
    "timestamp": "2025-06-02T17:35:10.487020",
    "ppwcs_score": 21,
    "stage_minus2": true,
    "stage_minus1": {
      "strength": 23.076923076923077,
      "confidence": 50.0,
      "momentum": false,
      "volume_confirmed": true,
      "technical_alignment": false
    },
    "stage_1g": false
  },
  {
    "symbol": "APEUSDT",
    "timestamp": "2025-06-02T17:35:15.450089",
    "ppwcs_score": 21,
    "stage_minus2": true,
    "stage_minus1": {
      "strength": 23.076923076923077,
      "confidence": 50.0,
      "momentum": false,
      "volume_confirmed": true,
      "technical_alignment": false
    },
    "stage_1g": false
  },
  {
    "symbol": "APTUSDT",
    "timestamp": "2025-06-02T17:35:17.217671",
    "ppwcs_score": 21,
    "stage_minus2": true,
    "stage_minus1": {
      "strength": 23.076923076923077,
      "confidence": 50.0,
      "momentum": false,
      "volume_confirmed": true,
      "technical_alignment": false
    },
    "stage_1g": false
  },
  {
    "symbol": "ARBUSDT",
    "timestamp": "2025-06-02T17:35:22.723047",
    "ppwcs_score": 21,
    "stage_minus2": true,
    "stage_minus1": {
      "strength": 23.076923076923077,
      "confidence": 50.0,
      "momentum": false,
      "volume_confirmed": true,
      "technical_alignment": false
    },
    "stage_1g": false
  },
  {
    "symbol": "ARCUSDT",
    "timestamp": "2025-06-02T17:35:24.841819",
    "ppwcs_score": 21,
    "stage_minus2": true,
    "stage_minus1": {
      "strength": 23.076923076923077,
      "confidence": 50.0,
      "momentum": false,
      "volume_confirmed": true,
      "technical_alignment": false
    },
    "stage_1g": false
  },
  {
    "symbol": "ARKMUSDT",
    "timestamp": "2025-06-02T17:35:30.258824",
    "ppwcs_score": 11,
    "stage_minus2": false,
    "stage_minus1": {
      "strength": 15.384615384615385,
      "confidence": 0.0,
      "momentum": false,
      "volume_confirmed": false,
      "technical_alignment": false
    },
    "stage_1g": false
  },
  {
    "symbol": "ARKUSDT",
    "timestamp": "2025-06-02T17:35:34.874800",
    "ppwcs_score": 21,
    "stage_minus2": true,
    "stage_minus1": {
      "strength": 23.076923076923077,
      "confidence": 50.0,
      "momentum": false,
      "volume_confirmed": true,
      "technical_alignment": false
    },
    "stage_1g": false
  },
  {
    "symbol": "ARPAUSDT",
    "timestamp": "2025-06-02T17:35:41.839045",
    "ppwcs_score": 21,
    "stage_minus2": true,
    "stage_minus1": {
      "strength": 23.076923076923077,
      "confidence": 50.0,
      "momentum": false,
      "volume_confirmed": true,
      "technical_alignment": false
    },
    "stage_1g": false
  },
  {
    "symbol": "ASTRUSDT",
    "timestamp": "2025-06-02T17:35:44.235975",
    "ppwcs_score": 11,
    "stage_minus2": false,
    "stage_minus1": {
      "strength": 15.384615384615385,
      "confidence": 0.0,
      "momentum": false,
      "volume_confirmed": false,
      "technical_alignment": false
    },
    "stage_1g": false
  },
  {
    "symbol": "ATAUSDT",
    "timestamp": "2025-06-02T17:35:51.132715",
    "ppwcs_score": 21,
    "stage_minus2": true,
    "stage_minus1": {
      "strength": 23.076923076923077,
      "confidence": 50.0,
      "momentum": false,
      "volume_confirmed": true,
      "technical_alignment": false
    },
    "stage_1g": false
  },
  {
    "symbol": "ATHUSDT",
    "timestamp": "2025-06-02T17:35:56.579980",
    "ppwcs_score": 11,
    "stage_minus2": false,
    "stage_minus1": {
      "strength": 15.384615384615385,
      "confidence": 0.0,
      "momentum": false,
      "volume_confirmed": false,
      "technical_alignment": false
    },
    "stage_1g": false
  },
  {
    "symbol": "ATOMUSDT",
    "timestamp": "2025-06-02T17:36:03.531610",
    "ppwcs_score": 21,
    "stage_minus2": true,
    "stage_minus1": {
      "strength": 23.076923076923077,
      "confidence": 50.0,
      "momentum": false,
      "volume_confirmed": true,
      "technical_alignment": false
    },
    "stage_1g": false
  },
  {
    "symbol": "AUCTIONUSDT",
    "timestamp": "2025-06-02T17:36:08.778205",
    "ppwcs_score": 11,
    "stage_minus2": false,
    "stage_minus1": {
      "strength": 15.384615384615385,
      "confidence": 0.0,
      "momentum": false,
      "volume_confirmed": false,
      "technical_alignment": false
    },
    "stage_1g": false
  },
  {
    "symbol": "AUDIOUSDT",
    "timestamp": "2025-06-02T17:36:14.324919",
    "ppwcs_score": 11,
    "stage_minus2": false,
    "stage_minus1": {
      "strength": 15.384615384615385,
      "confidence": 0.0,
      "momentum": false,
      "volume_confirmed": false,
      "technical_alignment": false
    },
    "stage_1g": false
  },
  {
    "symbol": "AVAAIUSDT",
    "timestamp": "2025-06-02T17:36:15.644361",
    "ppwcs_score": 11,
    "stage_minus2": false,
    "stage_minus1": {
      "strength": 15.384615384615385,
      "confidence": 0.0,
      "momentum": false,
      "volume_confirmed": false,
      "technical_alignment": false
    },
    "stage_1g": false
  },
  {
    "symbol": "AVAILUSDT",
    "timestamp": "2025-06-02T17:36:22.006880",
    "ppwcs_score": 11,
    "stage_minus2": false,
    "stage_minus1": {
      "strength": 15.384615384615385,
      "confidence": 0.0,
      "momentum": false,
      "volume_confirmed": false,
      "technical_alignment": false
    },
    "stage_1g": false
  },
  {
    "symbol": "AVAUSDT",
    "timestamp": "2025-06-02T17:36:24.477282",
    "ppwcs_score": 11,
    "stage_minus2": false,
    "stage_minus1": {
      "strength": 15.384615384615385,
      "confidence": 0.0,
      "momentum": false,
      "volume_confirmed": false,
      "technical_alignment": false
    },
    "stage_1g": false
  },
  {
    "symbol": "AVAXUSDT",
    "timestamp": "2025-06-02T17:36:27.324318",
    "ppwcs_score": 21,
    "stage_minus2": true,
    "stage_minus1": {
      "strength": 23.076923076923077,
      "confidence": 50.0,
      "momentum": false,
      "volume_confirmed": true,
      "technical_alignment": false
    },
    "stage_1g": false
  },
  {
    "symbol": "AVLUSDT",
    "timestamp": "2025-06-02T17:36:33.184931",
    "ppwcs_score": 21,
    "stage_minus2": true,
    "stage_minus1": {
      "strength": 23.076923076923077,
      "confidence": 50.0,
      "momentum": false,
      "volume_confirmed": true,
      "technical_alignment": false
    },
    "stage_1g": false
  },
  {
    "symbol": "AWEUSDT",
    "timestamp": "2025-06-02T17:36:34.975055",
    "ppwcs_score": 21,
    "stage_minus2": true,
    "stage_minus1": {
      "strength": 23.076923076923077,
      "confidence": 50.0,
      "momentum": false,
      "volume_confirmed": true,
      "technical_alignment": false
    },
    "stage_1g": false
  },
  {
    "symbol": "1INCHUSDT",
    "timestamp": "2025-06-02T17:39:17.693346",
    "ppwcs_score": 21,
    "stage_minus2": true,
    "stage_minus1": {
      "strength": 23.076923076923077,
      "confidence": 50.0,
      "momentum": false,
      "volume_confirmed": true,
      "technical_alignment": false
    },
    "stage_1g": false
  },
  {
    "symbol": "AAVEUSDT",
    "timestamp": "2025-06-02T17:39:24.989864",
    "ppwcs_score": 21,
    "stage_minus2": false,
    "stage_minus1": {
      "strength": 15.384615384615385,
      "confidence": 0.0,
      "momentum": false,
      "volume_confirmed": false,
      "technical_alignment": false
    },
    "stage_1g": false
  },
  {
    "symbol": "ACEUSDT",
    "timestamp": "2025-06-02T17:39:31.372467",
    "ppwcs_score": 11,
    "stage_minus2": false,
    "stage_minus1": {
      "strength": 15.384615384615385,
      "confidence": 0.0,
      "momentum": false,
      "volume_confirmed": false,
      "technical_alignment": false
    },
    "stage_1g": false
  },
  {
    "symbol": "ACHUSDT",
    "timestamp": "2025-06-02T17:39:35.385412",
    "ppwcs_score": 11,
    "stage_minus2": false,
    "stage_minus1": {
      "strength": 15.384615384615385,
      "confidence": 0.0,
      "momentum": false,
      "volume_confirmed": false,
      "technical_alignment": false
    },
    "stage_1g": false
  },
  {
    "symbol": "ACTUSDT",
    "timestamp": "2025-06-02T17:39:40.037769",
    "ppwcs_score": 21,
    "stage_minus2": false,
    "stage_minus1": {
      "strength": 15.384615384615385,
      "confidence": 0.0,
      "momentum": false,
      "volume_confirmed": false,
      "technical_alignment": false
    },
    "stage_1g": false
  },
  {
    "symbol": "ACXUSDT",
    "timestamp": "2025-06-02T17:39:43.809876",
    "ppwcs_score": 11,
    "stage_minus2": false,
    "stage_minus1": {
      "strength": 15.384615384615385,
      "confidence": 0.0,
      "momentum": false,
      "volume_confirmed": false,
      "technical_alignment": false
    },
    "stage_1g": false
  },
  {
    "symbol": "ADAUSDT",
    "timestamp": "2025-06-02T17:39:47.653127",
    "ppwcs_score": 21,
    "stage_minus2": false,
    "stage_minus1": {
      "strength": 15.384615384615385,
      "confidence": 0.0,
      "momentum": false,
      "volume_confirmed": false,
      "technical_alignment": false
    },
    "stage_1g": false
  },
  {
    "symbol": "AERGOUSDT",
    "timestamp": "2025-06-02T17:39:51.492432",
    "ppwcs_score": 21,
    "stage_minus2": false,
    "stage_minus1": {
      "strength": 15.384615384615385,
      "confidence": 0.0,
      "momentum": false,
      "volume_confirmed": false,
      "technical_alignment": false
    },
    "stage_1g": false
  },
  {
    "symbol": "AEROUSDT",
    "timestamp": "2025-06-02T17:39:52.960195",
    "ppwcs_score": 21,
    "stage_minus2": true,
    "stage_minus1": {
      "strength": 23.076923076923077,
      "confidence": 50.0,
      "momentum": false,
      "volume_confirmed": true,
      "technical_alignment": false
    },
    "stage_1g": false
  },
  {
    "symbol": "AEVOUSDT",
    "timestamp": "2025-06-02T17:39:57.768638",
    "ppwcs_score": 21,
    "stage_minus2": false,
    "stage_minus1": {
      "strength": 15.384615384615385,
      "confidence": 0.0,
      "momentum": false,
      "volume_confirmed": false,
      "technical_alignment": false
    },
    "stage_1g": false
  },
  {
    "symbol": "AGIUSDT",
    "timestamp": "2025-06-02T17:40:03.036744",
    "ppwcs_score": 21,
    "stage_minus2": false,
    "stage_minus1": {
      "strength": 15.384615384615385,
      "confidence": 0.0,
      "momentum": false,
      "volume_confirmed": false,
      "technical_alignment": false
    },
    "stage_1g": false
  },
  {
    "symbol": "1INCHUSDT",
    "timestamp": "2025-06-02T17:57:09.333356+00:00",
    "ppwcs_score": 21,
    "stage_minus2": false,
    "stage_minus1": {
      "strength": 15.384615384615385,
      "confidence": 0.0,
      "momentum": false,
      "volume_confirmed": false,
      "technical_alignment": false
    },
    "stage_1g": false
  },
  {
    "symbol": "1INCHUSDT",
    "timestamp": "2025-06-02T17:58:29.218831+00:00",
    "ppwcs_score": 21,
    "stage_minus2": false,
    "stage_minus1": {
      "strength": 15.384615384615385,
      "confidence": 0.0,
      "momentum": false,
      "volume_confirmed": false,
      "technical_alignment": false
    },
    "stage_1g": false
  },
  {
    "symbol": "AAVEUSDT",
    "timestamp": "2025-06-02T17:58:35.341076+00:00",
    "ppwcs_score": 21,
    "stage_minus2": true,
    "stage_minus1": {
      "strength": 23.076923076923077,
      "confidence": 50.0,
      "momentum": false,
      "volume_confirmed": true,
      "technical_alignment": false
    },
    "stage_1g": false
  },
  {
    "symbol": "ACEUSDT",
    "timestamp": "2025-06-02T17:58:41.337042+00:00",
    "ppwcs_score": 21,
    "stage_minus2": true,
    "stage_minus1": {
      "strength": 23.076923076923077,
      "confidence": 50.0,
      "momentum": false,
      "volume_confirmed": true,
      "technical_alignment": false
    },
    "stage_1g": false
  },
  {
    "symbol": "ACHUSDT",
    "timestamp": "2025-06-02T17:58:45.578853+00:00",
    "ppwcs_score": 11,
    "stage_minus2": false,
    "stage_minus1": {
      "strength": 15.384615384615385,
      "confidence": 0.0,
      "momentum": false,
      "volume_confirmed": false,
      "technical_alignment": false
    },
    "stage_1g": false
  },
  {
    "symbol": "ACTUSDT",
    "timestamp": "2025-06-02T17:58:49.937199+00:00",
    "ppwcs_score": 21,
    "stage_minus2": false,
    "stage_minus1": {
      "strength": 15.384615384615385,
      "confidence": 0.0,
      "momentum": false,
      "volume_confirmed": false,
      "technical_alignment": false
    },
    "stage_1g": false
  },
  {
    "symbol": "ACXUSDT",
    "timestamp": "2025-06-02T17:58:55.907842+00:00",
    "ppwcs_score": 11,
    "stage_minus2": false,
    "stage_minus1": {
      "strength": 15.384615384615385,
      "confidence": 0.0,
      "momentum": false,
      "volume_confirmed": false,
      "technical_alignment": false
    },
    "stage_1g": false
  },
  {
    "symbol": "ADAUSDT",
    "timestamp": "2025-06-02T17:59:00.354851+00:00",
    "ppwcs_score": 21,
    "stage_minus2": false,
    "stage_minus1": {
      "strength": 15.384615384615385,
      "confidence": 0.0,
      "momentum": false,
      "volume_confirmed": false,
      "technical_alignment": false
    },
    "stage_1g": false
  },
  {
    "symbol": "AERGOUSDT",
    "timestamp": "2025-06-02T17:59:06.276064+00:00",
    "ppwcs_score": 21,
    "stage_minus2": false,
    "stage_minus1": {
      "strength": 15.384615384615385,
      "confidence": 0.0,
      "momentum": false,
      "volume_confirmed": false,
      "technical_alignment": false
    },
    "stage_1g": false
  },
  {
    "symbol": "AEROUSDT",
    "timestamp": "2025-06-02T17:59:08.053448+00:00",
    "ppwcs_score": 21,
    "stage_minus2": false,
    "stage_minus1": {
      "strength": 15.384615384615385,
      "confidence": 0.0,
      "momentum": false,
      "volume_confirmed": false,
      "technical_alignment": false
    },
    "stage_1g": false
  },
  {
    "symbol": "AEVOUSDT",
    "timestamp": "2025-06-02T17:59:12.982374+00:00",
    "ppwcs_score": 21,
    "stage_minus2": false,
    "stage_minus1": {
      "strength": 15.384615384615385,
      "confidence": 0.0,
      "momentum": false,
      "volume_confirmed": false,
      "technical_alignment": false
    },
    "stage_1g": false
  },
  {
    "symbol": "AGIUSDT",
    "timestamp": "2025-06-02T17:59:17.807886+00:00",
    "ppwcs_score": 21,
    "stage_minus2": false,
    "stage_minus1": {
      "strength": 15.384615384615385,
      "confidence": 0.0,
      "momentum": false,
      "volume_confirmed": false,
      "technical_alignment": false
    },
    "stage_1g": false
  },
  {
    "symbol": "AGLDUSDT",
    "timestamp": "2025-06-02T17:59:22.029544+00:00",
    "ppwcs_score": 21,
    "stage_minus2": false,
    "stage_minus1": {
      "strength": 15.384615384615385,
      "confidence": 0.0,
      "momentum": false,
      "volume_confirmed": false,
      "technical_alignment": false
    },
    "stage_1g": false
  },
  {
    "symbol": "AGTUSDT",
    "timestamp": "2025-06-02T17:59:28.462321+00:00",
    "ppwcs_score": 21,
    "stage_minus2": false,
    "stage_minus1": {
      "strength": 15.384615384615385,
      "confidence": 0.0,
      "momentum": false,
      "volume_confirmed": false,
      "technical_alignment": false
    },
    "stage_1g": false
  },
  {
    "symbol": "AIOZUSDT",
    "timestamp": "2025-06-02T17:59:35.046413+00:00",
    "ppwcs_score": 21,
    "stage_minus2": false,
    "stage_minus1": {
      "strength": 15.384615384615385,
      "confidence": 0.0,
      "momentum": false,
      "volume_confirmed": false,
      "technical_alignment": false
    },
    "stage_1g": false
  },
  {
    "symbol": "AIXBTUSDT",
    "timestamp": "2025-06-02T17:59:37.046092+00:00",
    "ppwcs_score": 21,
    "stage_minus2": true,
    "stage_minus1": {
      "strength": 23.076923076923077,
      "confidence": 50.0,
      "momentum": false,
      "volume_confirmed": true,
      "technical_alignment": false
    },
    "stage_1g": false
  },
  {
    "symbol": "AKTUSDT",
    "timestamp": "2025-06-02T17:59:39.792426+00:00",
    "ppwcs_score": 21,
    "stage_minus2": false,
    "stage_minus1": {
      "strength": 15.384615384615385,
      "confidence": 0.0,
      "momentum": false,
      "volume_confirmed": false,
      "technical_alignment": false
    },
    "stage_1g": false
  },
  {
    "symbol": "ALCHUSDT",
    "timestamp": "2025-06-02T17:59:41.713815+00:00",
    "ppwcs_score": 11,
    "stage_minus2": false,
    "stage_minus1": {
      "strength": 15.384615384615385,
      "confidence": 0.0,
      "momentum": false,
      "volume_confirmed": false,
      "technical_alignment": false
    },
    "stage_1g": false
  }
]