{
  "report_type": "daily_summary",
  "date": "2025-06-11",
  "generated_at": "2025-06-11T18:22:11.887232+00:00",
  "statistics": {
    "total_scans": 3,
    "total_alerts": 0,
    "unique_symbols_scanned": 3,
    "unique_symbols_alerted": 0,
    "avg_score": 21.0,
    "max_score": 21,
    "high_score_count": 0
  },
  "top_performers": [
    {
      "symbol": "AXLUSDT",
      "timestamp": "2025-06-11T18:22:11.858741+00:00",
      "ppwcs_score": 21,
      "stage_minus2": true,
      "stage_minus1": {
        "strength": 23.076923076923077,
        "confidence": 50.0,
        "momentum": false,
        "volume_confirmed": [
          false,
          0.0
        ],
        "technical_alignment": false
      },
      "stage_1g": false
    },
    {
      "symbol": "AUSDT",
      "timestamp": "2025-06-11T18:22:11.871560+00:00",
      "ppwcs_score": 21,
      "stage_minus2": true,
      "stage_minus1": {
        "strength": 23.076923076923077,
        "confidence": 50.0,
        "momentum": false,
        "volume_confirmed": [
          false,
          0.0
        ],
        "technical_alignment": false
      },
      "stage_1g": false
    },
    {
      "symbol": "FUSDT",
      "timestamp": "2025-06-11T18:22:11.884466+00:00",
      "ppwcs_score": 21,
      "stage_minus2": true,
      "stage_minus1": {
        "strength": 23.076923076923077,
        "confidence": 50.0,
        "momentum": false,
        "volume_confirmed": [
          false,
          0.0
        ],
        "technical_alignment": false
      },
      "stage_1g": false
    }
  ]
}