{
  "report_type": "daily_summary",
  "date": "2025-06-14",
  "generated_at": "2025-06-14T20:47:34.847533+00:00",
  "statistics": {
    "total_scans": 23856,
    "total_alerts": 0,
    "unique_symbols_scanned": 284,
    "unique_symbols_alerted": 0,
    "avg_score": 21.708249496981892,
    "max_score": 36,
    "high_score_count": 0
  },
  "top_performers": [
    {
      "symbol": "1INCHUSDT",
      "timestamp": "2025-06-14T00:01:56.319013+00:00",
      "ppwcs_score": 36,
      "stage_minus2": false,
      "stage_minus1": false,
      "stage_1g": false
    },
    {
      "symbol": "ACEUSDT",
      "timestamp": "2025-06-14T00:01:57.432843+00:00",
      "ppwcs_score": 36,
      "stage_minus2": false,
      "stage_minus1": false,
      "stage_1g": false
    },
    {
      "symbol": "ACHUSDT",
      "timestamp": "2025-06-14T00:01:57.553949+00:00",
      "ppwcs_score": 36,
      "stage_minus2": false,
      "stage_minus1": false,
      "stage_1g": false
    },
    {
      "symbol": "SIGNUSDT",
      "timestamp": "2025-06-14T00:01:58.691804+00:00",
      "ppwcs_score": 36,
      "stage_minus2": false,
      "stage_minus1": false,
      "stage_1g": false
    },
    {
      "symbol": "GIGAUSDT",
      "timestamp": "2025-06-14T00:01:58.753778+00:00",
      "ppwcs_score": 36,
      "stage_minus2": false,
      "stage_minus1": false,
      "stage_1g": false
    },
    {
      "symbol": "MOODENGUSDT",
      "timestamp": "2025-06-14T00:01:58.877926+00:00",
      "ppwcs_score": 36,
      "stage_minus2": false,
      "stage_minus1": false,
      "stage_1g": false
    },
    {
      "symbol": "BLASTUSDT",
      "timestamp": "2025-06-14T00:01:59.167048+00:00",
      "ppwcs_score": 36,
      "stage_minus2": false,
      "stage_minus1": false,
      "stage_1g": false
    },
    {
      "symbol": "LEVERUSDT",
      "timestamp": "2025-06-14T00:01:59.187829+00:00",
      "ppwcs_score": 36,
      "stage_minus2": false,
      "stage_minus1": false,
      "stage_1g": false
    },
    {
      "symbol": "SPXUSDT",
      "timestamp": "2025-06-14T00:01:59.311973+00:00",
      "ppwcs_score": 36,
      "stage_minus2": false,
      "stage_minus1": false,
      "stage_1g": false
    },
    {
      "symbol": "CHILLGUYUSDT",
      "timestamp": "2025-06-14T00:01:59.478069+00:00",
      "ppwcs_score": 36,
      "stage_minus2": false,
      "stage_minus1": false,
      "stage_1g": false
    }
  ]
}