{
  "report_type": "high_score_symbols",
  "generated_at": "2025-06-14T12:02:23.220792+00:00",
  "criteria": "Top 20 symbols by PPWCS score in last 24 hours",
  "symbols": [
    {
      "symbol": "ACHUSDT",
      "score": 36,
      "timestamp": "2025-06-14T03:17:10.610705+00:00"
    },
    {
      "symbol": "CHILLGUYUSDT",
      "score": 36,
      "timestamp": "2025-06-14T03:31:58.545946+00:00"
    },
    {
      "symbol": "FLOCKUSDT",
      "score": 36,
      "timestamp": "2025-06-14T03:32:00.722374+00:00"
    },
    {
      "symbol": "LEVERUSDT",
      "score": 36,
      "timestamp": "2025-06-14T03:32:02.361014+00:00"
    },
    {
      "symbol": "GIGAUSDT",
      "score": 36,
      "timestamp": "2025-06-14T03:32:04.937157+00:00"
    },
    {
      "symbol": "ENAUSDT",
      "score": 36,
      "timestamp": "2025-06-14T03:32:05.128705+00:00"
    },
    {
      "symbol": "SIGNUSDT",
      "score": 36,
      "timestamp": "2025-06-14T03:32:05.557305+00:00"
    },
    {
      "symbol": "SPXUSDT",
      "score": 36,
      "timestamp": "2025-06-14T03:32:06.369233+00:00"
    },
    {
      "symbol": "1INCHUSDT",
      "score": 36,
      "timestamp": "2025-06-14T03:32:06.607996+00:00"
    },
    {
      "symbol": "BLASTUSDT",
      "score": 36,
      "timestamp": "2025-06-14T03:32:09.933521+00:00"
    },
    {
      "symbol": "MOODENGUSDT",
      "score": 36,
      "timestamp": "2025-06-14T03:32:10.415703+00:00"
    },
    {
      "symbol": "ACEUSDT",
      "score": 36,
      "timestamp": "2025-06-14T03:32:11.089475+00:00"
    },
    {
      "symbol": "AERGOUSDT",
      "score": 26,
      "timestamp": "2025-06-14T03:17:10.423017+00:00"
    },
    {
      "symbol": "PHAUSDT",
      "score": 26,
      "timestamp": "2025-06-14T03:17:10.657460+00:00"
    },
    {
      "symbol": "ONDOUSDT",
      "score": 26,
      "timestamp": "2025-06-14T03:31:58.827683+00:00"
    },
    {
      "symbol": "CHZUSDT",
      "score": 26,
      "timestamp": "2025-06-14T03:31:58.874876+00:00"
    },
    {
      "symbol": "GALAUSDT",
      "score": 26,
      "timestamp": "2025-06-14T03:32:02.887825+00:00"
    },
    {
      "symbol": "AAVEUSDT",
      "score": 26,
      "timestamp": "2025-06-14T03:32:03.889251+00:00"
    },
    {
      "symbol": "MASKUSDT",
      "score": 26,
      "timestamp": "2025-06-14T03:32:05.223997+00:00"
    },
    {
      "symbol": "ETHFIUSDT",
      "score": 26,
      "timestamp": "2025-06-14T03:32:10.608259+00:00"
    }
  ],
  "summary": {
    "total_symbols": 20,
    "avg_score": 32.0,
    "max_score": 36,
    "min_score": 26
  }
}