{
  "report_type": "high_score_symbols",
  "generated_at": "2025-06-14T07:17:16.871810+00:00",
  "criteria": "Top 20 symbols by PPWCS score in last 24 hours",
  "symbols": [
    {
      "symbol": "ACHUSDT",
      "score": 36,
      "timestamp": "2025-06-13T22:32:06.254060+00:00"
    },
    {
      "symbol": "FLOCKUSDT",
      "score": 36,
      "timestamp": "2025-06-13T22:32:06.409633+00:00"
    },
    {
      "symbol": "1INCHUSDT",
      "score": 36,
      "timestamp": "2025-06-13T22:32:07.695040+00:00"
    },
    {
      "symbol": "SPXUSDT",
      "score": 36,
      "timestamp": "2025-06-13T22:46:55.657686+00:00"
    },
    {
      "symbol": "LEVERUSDT",
      "score": 36,
      "timestamp": "2025-06-13T22:46:56.124562+00:00"
    },
    {
      "symbol": "SIGNUSDT",
      "score": 36,
      "timestamp": "2025-06-13T22:46:56.319573+00:00"
    },
    {
      "symbol": "CHILLGUYUSDT",
      "score": 36,
      "timestamp": "2025-06-13T22:46:58.142915+00:00"
    },
    {
      "symbol": "ENAUSDT",
      "score": 36,
      "timestamp": "2025-06-13T22:46:59.821758+00:00"
    },
    {
      "symbol": "BLASTUSDT",
      "score": 36,
      "timestamp": "2025-06-13T22:47:00.503263+00:00"
    },
    {
      "symbol": "ACEUSDT",
      "score": 36,
      "timestamp": "2025-06-13T22:47:00.705431+00:00"
    },
    {
      "symbol": "GIGAUSDT",
      "score": 36,
      "timestamp": "2025-06-13T22:47:01.424418+00:00"
    },
    {
      "symbol": "MOODENGUSDT",
      "score": 36,
      "timestamp": "2025-06-13T22:47:02.785973+00:00"
    },
    {
      "symbol": "AERGOUSDT",
      "score": 26,
      "timestamp": "2025-06-13T22:32:05.983821+00:00"
    },
    {
      "symbol": "AAVEUSDT",
      "score": 26,
      "timestamp": "2025-06-13T22:32:06.525540+00:00"
    },
    {
      "symbol": "GALAUSDT",
      "score": 26,
      "timestamp": "2025-06-13T22:32:07.500586+00:00"
    },
    {
      "symbol": "ETHFIUSDT",
      "score": 26,
      "timestamp": "2025-06-13T22:46:56.886474+00:00"
    },
    {
      "symbol": "MASKUSDT",
      "score": 26,
      "timestamp": "2025-06-13T22:46:58.537463+00:00"
    },
    {
      "symbol": "PHAUSDT",
      "score": 26,
      "timestamp": "2025-06-13T22:47:00.421652+00:00"
    },
    {
      "symbol": "CHZUSDT",
      "score": 26,
      "timestamp": "2025-06-13T22:47:00.785129+00:00"
    },
    {
      "symbol": "ONDOUSDT",
      "score": 26,
      "timestamp": "2025-06-13T22:47:02.906772+00:00"
    }
  ],
  "summary": {
    "total_symbols": 20,
    "avg_score": 32.0,
    "max_score": 36,
    "min_score": 26
  }
}