{
  "report_type": "high_score_symbols",
  "generated_at": "2025-06-14T13:02:22.584906+00:00",
  "criteria": "Top 20 symbols by PPWCS score in last 24 hours",
  "symbols": [
    {
      "symbol": "MOODENGUSDT",
      "score": 36,
      "timestamp": "2025-06-14T04:17:07.808060+00:00"
    },
    {
      "symbol": "LEVERUSDT",
      "score": 36,
      "timestamp": "2025-06-14T04:17:09.717299+00:00"
    },
    {
      "symbol": "ENAUSDT",
      "score": 36,
      "timestamp": "2025-06-14T04:31:57.096296+00:00"
    },
    {
      "symbol": "CHILLGUYUSDT",
      "score": 36,
      "timestamp": "2025-06-14T04:31:57.932104+00:00"
    },
    {
      "symbol": "BLASTUSDT",
      "score": 36,
      "timestamp": "2025-06-14T04:31:58.088308+00:00"
    },
    {
      "symbol": "FLOCKUSDT",
      "score": 36,
      "timestamp": "2025-06-14T04:31:59.830623+00:00"
    },
    {
      "symbol": "SIGNUSDT",
      "score": 36,
      "timestamp": "2025-06-14T04:32:01.500504+00:00"
    },
    {
      "symbol": "ACEUSDT",
      "score": 36,
      "timestamp": "2025-06-14T04:32:02.128586+00:00"
    },
    {
      "symbol": "ACHUSDT",
      "score": 36,
      "timestamp": "2025-06-14T04:32:02.867822+00:00"
    },
    {
      "symbol": "GIGAUSDT",
      "score": 36,
      "timestamp": "2025-06-14T04:32:05.712445+00:00"
    },
    {
      "symbol": "1INCHUSDT",
      "score": 36,
      "timestamp": "2025-06-14T04:32:06.291209+00:00"
    },
    {
      "symbol": "SPXUSDT",
      "score": 36,
      "timestamp": "2025-06-14T04:32:07.922963+00:00"
    },
    {
      "symbol": "GALAUSDT",
      "score": 26,
      "timestamp": "2025-06-14T04:31:56.366153+00:00"
    },
    {
      "symbol": "MASKUSDT",
      "score": 26,
      "timestamp": "2025-06-14T04:31:57.044709+00:00"
    },
    {
      "symbol": "ONDOUSDT",
      "score": 26,
      "timestamp": "2025-06-14T04:31:57.567608+00:00"
    },
    {
      "symbol": "ETHFIUSDT",
      "score": 26,
      "timestamp": "2025-06-14T04:31:58.454672+00:00"
    },
    {
      "symbol": "AAVEUSDT",
      "score": 26,
      "timestamp": "2025-06-14T04:31:59.882620+00:00"
    },
    {
      "symbol": "CHZUSDT",
      "score": 26,
      "timestamp": "2025-06-14T04:32:02.390453+00:00"
    },
    {
      "symbol": "PHAUSDT",
      "score": 26,
      "timestamp": "2025-06-14T04:32:02.762806+00:00"
    },
    {
      "symbol": "AERGOUSDT",
      "score": 26,
      "timestamp": "2025-06-14T04:32:07.659390+00:00"
    }
  ],
  "summary": {
    "total_symbols": 20,
    "avg_score": 32.0,
    "max_score": 36,
    "min_score": 26
  }
}