{
  "report_type": "high_score_symbols",
  "generated_at": "2025-06-14T20:02:36.533838+00:00",
  "criteria": "Top 20 symbols by PPWCS score in last 24 hours",
  "symbols": [
    {
      "symbol": "FLOCKUSDT",
      "score": 36,
      "timestamp": "2025-06-14T11:17:14.434216+00:00"
    },
    {
      "symbol": "SIGNUSDT",
      "score": 36,
      "timestamp": "2025-06-14T11:17:16.659914+00:00"
    },
    {
      "symbol": "SPXUSDT",
      "score": 36,
      "timestamp": "2025-06-14T11:17:16.749379+00:00"
    },
    {
      "symbol": "MOODENGUSDT",
      "score": 36,
      "timestamp": "2025-06-14T11:31:58.437510+00:00"
    },
    {
      "symbol": "LEVERUSDT",
      "score": 36,
      "timestamp": "2025-06-14T11:31:59.242188+00:00"
    },
    {
      "symbol": "ACEUSDT",
      "score": 36,
      "timestamp": "2025-06-14T11:32:04.793402+00:00"
    },
    {
      "symbol": "CHILLGUYUSDT",
      "score": 36,
      "timestamp": "2025-06-14T11:32:14.628330+00:00"
    },
    {
      "symbol": "1INCHUSDT",
      "score": 36,
      "timestamp": "2025-06-14T11:32:15.436038+00:00"
    },
    {
      "symbol": "GIGAUSDT",
      "score": 36,
      "timestamp": "2025-06-14T11:32:15.614767+00:00"
    },
    {
      "symbol": "BLASTUSDT",
      "score": 36,
      "timestamp": "2025-06-14T11:32:16.954877+00:00"
    },
    {
      "symbol": "ENAUSDT",
      "score": 36,
      "timestamp": "2025-06-14T11:32:17.401555+00:00"
    },
    {
      "symbol": "ACHUSDT",
      "score": 36,
      "timestamp": "2025-06-14T11:32:17.579872+00:00"
    },
    {
      "symbol": "ETHFIUSDT",
      "score": 26,
      "timestamp": "2025-06-14T11:17:13.100988+00:00"
    },
    {
      "symbol": "GALAUSDT",
      "score": 26,
      "timestamp": "2025-06-14T11:17:15.145575+00:00"
    },
    {
      "symbol": "AERGOUSDT",
      "score": 26,
      "timestamp": "2025-06-14T11:31:56.838671+00:00"
    },
    {
      "symbol": "AAVEUSDT",
      "score": 26,
      "timestamp": "2025-06-14T11:31:57.460370+00:00"
    },
    {
      "symbol": "MASKUSDT",
      "score": 26,
      "timestamp": "2025-06-14T11:31:58.973664+00:00"
    },
    {
      "symbol": "ONDOUSDT",
      "score": 26,
      "timestamp": "2025-06-14T11:32:01.314944+00:00"
    },
    {
      "symbol": "PHAUSDT",
      "score": 26,
      "timestamp": "2025-06-14T11:32:18.568086+00:00"
    },
    {
      "symbol": "CHZUSDT",
      "score": 26,
      "timestamp": "2025-06-14T11:32:21.904158+00:00"
    }
  ],
  "summary": {
    "total_symbols": 20,
    "avg_score": 32.0,
    "max_score": 36,
    "min_score": 26
  }
}