{
  "1000000BABYDOGEUSDT": {
    "address": "0x123...",
    "chain": "bsc"
  },
  "1INCHUSDT": {
    "address": "0x111111111117dc0aa78b770fa6a738034120c302",
    "chain": "bsc"
  },
  "AAVEUSDT": {
    "address": "0xfb6115445bff7b52feb98650c87f44907e58f802",
    "chain": "bsc"
  },
  "ACEUSDT": {
    "address": "0xc27a719105a987b4c34116223cae8bd8f4b5def4",
    "chain": "bsc"
  },
  "ACHUSDT": {
    "address": "0xbc7d6b50616989655afd682fb42743507003056d",
    "chain": "bsc"
  },
  "ACTUSDT": {
    "address": "0x9f3bcbe48e8b754f331dfc694a894e8e686ac31d",
    "chain": "bsc"
  },
  "ACXUSDT": {
    "address": "0x44108f0223a3c3028f5fe7aec7f9bb2e66bef82f",
    "chain": "ethereum"
  },
  "ADAUSDT": {
    "address": "0x489580eb70a50515296ef31e8179ff3e77e24965",
    "chain": "bsc"
  },
  "AERGOUSDT": {
    "address": "0x91af0fbb28aba7e31403cb457106ce79397fd4e6",
    "chain": "ethereum"
  },
  "AEROUSDT": {
    "address": "0x940181a94a35a4569e4529a3cdfb74e38fd98631",
    "chain": "base"
  },
  "AEVOUSDT": {
    "address": "0xb528edbef013aff855ac3c50b381f253af13b997",
    "chain": "ethereum"
  },
  "AGIUSDT": {
    "address": "0x5b7533812759b45c2b44c19e320ba2cd2681b542",
    "chain": "ethereum"
  },
  "AGLDUSDT": {
    "address": "0x32353a6c91143bfd6c7d363b546e62a9a2489a20",
    "chain": "ethereum"
  },
  "AGTUSDT": {
    "address": "0x0f7895dab3f8a7f9cc438fa76e7a793e2bd50968",
    "chain": "bsc"
  },
  "AIOZUSDT": {
    "address": "0x33d08d8c7a168333a85285a68c0042b39fc3741d",
    "chain": "bsc"
  },
  "AIXBTUSDT": {
    "address": "0x4f9fd6be4a90f2620860d680c0d4d5fb53d1a825",
    "chain": "base"
  },
  "AKTUSDT": {
    "address": "uakt",
    "chain": "akash"
  },
  "ALCHUSDT": {
    "address": "HNg5PYJmtqcmzXrv6S9zP1CDKk5BgDuyFBxbvNApump",
    "chain": "solana"
  },
  "ALEOUSDT": {
    "address": "0x1d0ac23f03870f768ca005c84cbb6fb82aa884fd",
    "chain": "bsc"
  },
  "ALGOUSDT": {
    "address": "4b83cYeo4BYfP9NfFUQQWRQYfomJjjChfsV64m5MqifY",
    "chain": "solana"
  },
  "ALICEUSDT": {
    "address": "0xac51066d7bec65dc4589368da368b212745d63e8",
    "chain": "bsc"
  },
  "ALPHAUSDT": {
    "address": "0xa1faa113cbe53436df28ff0aee54275c13b40975",
    "chain": "bsc"
  },
  "ALTUSDT": {
    "address": "0x8457ca5040ad67fdebbcc8edce889a335bc0fbfb",
    "chain": "bsc"
  },
  "ALUUSDT": {
    "address": "0x8263cd1601fe73c066bf49cc09841f35348e3be0",
    "chain": "bsc"
  },
  "ANIMEUSDT": {
    "address": "0x4dc26fc5854e7648a064a4abd590bbe71724c277",
    "chain": "ethereum"
  },
  "ANKRUSDT": {
    "address": "0xf307910a4c7bbc79691fd374889b36d8531b08e3",
    "chain": "bsc"
  },
  "APEUSDT": {
    "address": "0x4d224452801aced8b2f0aebe155379bb5d594381",
    "chain": "ethereum"
  },
  "APTUSDT": {
    "address": "0x1::aptos_coin::AptosCoin",
    "chain": "aptos"
  },
  "ARBUSDT": {
    "address": "0xb50721bcf8d664c30412cfbc6cf7a15145234ad1",
    "chain": "ethereum"
  },
  "ARCUSDT": {
    "address": "61V8vBaqAGMpgDQi4JcAwo1dmBGHsyhzodcPqnEVpump",
    "chain": "solana"
  },
  "ARKMUSDT": {
    "address": "0x6e2a43be0b1d33b726f0ca3b8de60b3482b8b050",
    "chain": "ethereum"
  },
  "ARKUSDT": {
    "address": "0x6e2a43be0b1d33b726f0ca3b8de60b3482b8b050",
    "chain": "ethereum"
  },
  "ARPAUSDT": {
    "address": "0x6f769e65c14ebd1f68817f5f1dcdb61cfa2d6f7e",
    "chain": "bsc"
  },
  "ASTRUSDT": {
    "address": "0xf27441230eadeac85b764610325cc9a0d7859689",
    "chain": "ethereum"
  },
  "ATAUSDT": {
    "address": "0xa2120b9e674d3fc3875f415a7df52e382f141225",
    "chain": "bsc"
  },
  "ATHUSDT": {
    "address": "0xbe0ed4138121ecfc5c0e56b40517da27e6c5226b",
    "chain": "ethereum"
  },
  "ATOMUSDT": {
    "address": "0x0eb3a705fc54725037cc9e008bdede697f62f335",
    "chain": "bsc"
  },
  "AUCTIONUSDT": {
    "address": "0xa9b1eb5908cfc3cdf91f9b8b3a74108598009096",
    "chain": "ethereum"
  },
  "AUDIOUSDT": {
    "address": "0x18aaa7115705e8be94bffebde57af9bfc265b998",
    "chain": "ethereum"
  },
  "AVAILUSDT": {
    "address": "0xeeb4d8400aeefafc1b2953e0094134a887c76bd8",
    "chain": "ethereum"
  },
  "AVAUSDT": {
    "address": "ibc/57AA1A70A4BC9769C525EBF6386F7A21536E04A79D62E1981EFCEF9428EBB205",
    "chain": "osmosis"
  },
  "AVAXUSDT": {
    "address": "0xb31f66aa3c1e785363f0875a1b74e27b85fd66c7",
    "chain": "avalanche"
  },
  "AVLUSDT": {
    "address": "0x9beee89723ceec27d7c2834bec6834208ffdc202",
    "chain": "bsc"
  },
  "AWEUSDT": {
    "address": "0x1b4617734c43f6159f3a70b7e06d883647512778",
    "chain": "base"
  },
  "AXLUSDT": {
    "address": "0x8b1f4432f943c465a973fedc6d7aa50fc96f1f65",
    "chain": "bsc"
  },
  "AXSUSDT": {
    "address": "0x715d400f88c167884bbcc41c5fea407ed4d2f8a0",
    "chain": "bsc"
  },
  "BABYUSDT": {
    "address": "0xc748673057861a797275cd8a068abb95a902e8de",
    "chain": "bsc"
  },
  "BADGERUSDT": {
    "address": "0x3472a5a71965499acd81997a54bba8d852c6e53d",
    "chain": "ethereum"
  },
  "BNBUSDT": {
    "address": "0xb8c77482e45f1f44de1745f52c74426c631bdd52",
    "chain": "ethereum"
  },
  "BOBAUSDT": {
    "address": "0x42bbfa2e77757c645eeaad1655e0911a7553efbc",
    "chain": "ethereum"
  },
  "BTCUSDT": {
    "address": "0x2260fac5e5542a773aa44fbcfedf7c193bc2c599",
    "chain": "ethereum"
  },
  "BAKEUSDT": {
    "address": "0xe02df9e3e622debdd69fb838bb799e3f168902c5",
    "chain": "bsc"
  },
  "BALUSDT": {
    "address": "0xba100000625a3754423978a60c9317c58a424e3d",
    "chain": "ethereum"
  },
  "BANANAUSDT": {
    "address": "Hg675ypQpBUwP3wiWjq8pFQxr6rjnT2QRH4Vi519jdiP",
    "chain": "solana"
  },
  "BANDUSDT": {
    "address": "0xba11d00c5f74255f56a5e366f4f77f5a186d7f55",
    "chain": "ethereum"
  },
  "BANKUSDT": {
    "address": "0x3aee7602b612de36088f3ffed8c8f10e86ebf2bf",
    "chain": "bsc"
  },
  "BANUSDT": {
    "address": "9PR7nCP9DpcUotnDPVLUBUZKu5WAYkwrCUx9wDnSpump",
    "chain": "solana"
  },
  "BATUSDT": {
    "address": "0xd9a1070f832cc02ff9d839500eef6e8c64983726",
    "chain": "polygon"
  },
  "BEAMUSDT": {
    "address": "0x62d0a8458ed7719fdaf978fe5929c6d342b0bfce",
    "chain": "bsc"
  },
  "BELUSDT": {
    "address": "0x8443f091997f06a61670b735ed92734f5628692f",
    "chain": "bsc"
  },
  "BICOUSDT": {
    "address": "0xf17e65822b568b3903685a7c9f496cf7656cc6c2",
    "chain": "ethereum"
  },
  "BIGTIMEUSDT": {
    "address": "0x64bc2ca1be492be7185faa2c8835d9b824c8a194",
    "chain": "ethereum"
  },
  "BIOUSDT": {
    "address": "0xcb1592591996765ec0efc1f92599a19767ee5ffa",
    "chain": "ethereum"
  },
  "BLASTUSDT": {
    "address": "0xddc0dbd7dc799ae53a98a60b54999cb6ebb3abf0",
    "chain": "bsc"
  },
  "BLURUSDT": {
    "address": "0x5283d291dbcf85356a21ba090e6db59121208b44",
    "chain": "ethereum"
  },
  "BMTUSDT": {
    "address": "0x7d814b9ed370ec0a502edc3267393bf62d891b62",
    "chain": "bsc"
  },
  "BNTUSDT": {
    "address": "0x1f573d6fb3f13d689ff844b4ce37794d79a7ff1c",
    "chain": "ethereum"
  },
  "BOMEUSDT": {
    "address": "ukHH6c7mMyiWCf1b9pnWe25TSpkDDt3H5pQZgZ74J82",
    "chain": "solana"
  },
  "BRETTUSDT": {
    "address": "0x240d6faf8c3b1a7394e371792a3bf9d28dd65515",
    "chain": "ethereum"
  },
  "BROCCOLIUSDT": {
    "address": "0x6d5ad1592ed9d6d1df9b93c793ab759573ed6714",
    "chain": "bsc"
  },
  "BSVUSDT": {
    "address": "2a4d039a9a2dc376ddf250aeacb6679cb20b3e1893a6317d3433152a4e3f31cai0",
    "chain": "ordinals"
  },
  "BSWUSDT": {
    "address": "0x965f527d9159dce6288a2219db51fc6eef120dd1",
    "chain": "bsc"
  },
  "CAKEUSDT": {
    "address": "0x0e09fabb73bd3ade0a17ecc321fd13a19e81ce82",
    "chain": "bsc"
  },
  "CARVUSDT": {
    "address": "0xc08cd26474722ce93f4d0c34d16201461c10aa8c",
    "chain": "ethereum"
  },
  "CATIUSDT": {
    "address": "EQD-cvR0Nz6XAyRBvbhz-abTrRC6sI5tvHvvpeQraV9UAAD7",
    "chain": "the-open-network"
  },
  "CELOUSDT": {
    "address": "0x3294395e62f4eb6af3f1fcf89f5602d90fb3ef69",
    "chain": "ethereum"
  },
  "CELRUSDT": {
    "address": "0x4f9254c83eb525f9fcf346490bbb3ed28a81c667",
    "chain": "ethereum"
  },
  "CETUSUSDT": {
    "address": "0x06864a6f921804860930db6ddbe2e16acdf8504495ea7481637a1c8b9a8fe54b::cetus::CETUS",
    "chain": "sui"
  },
  "CFXUSDT": {
    "address": "0xdf5ba79f0fd70c6609666d5ed603710609a530ab",
    "chain": "bsc"
  },
  "CGPTUSDT": {
    "address": "0x9840652dc04fb9db2c43853633f0f62be6f00f98",
    "chain": "bsc"
  },
  "CHESSUSDT": {
    "address": "0x20de22029ab63cf9a7cf5feb2b737ca1ee4c82a6",
    "chain": "bsc"
  },
  "CHILLGUYUSDT": {
    "address": "0x60215db40b04fe029c42c56ff2e02221c1f288ef",
    "chain": "ethereum"
  },
  "CHRUSDT": {
    "address": "0x15b2fb8f08e4ac1ce019eadae02ee92aedf06851",
    "chain": "arbitrum"
  },
  "CHZUSDT": {
    "address": "0x3506424f91fd33084466f402d5d97f05f8e3b4af",
    "chain": "ethereum"
  },
  "COSUSDT": {
    "address": "COS-2E4",
    "chain": "binancecoin"
  },
  "CROUSDT": {
    "address": "0xa0b73e1ff0b80914ab6fe0444e65848c4c34450b",
    "chain": "ethereum"
  },
  "CLANKERUSDT": {
    "address": "0x1bc0c42215582d5a085795f4badbac3ff36d1bcb",
    "chain": "base"
  },
  "COMPUSDT": {
    "address": "0x52ce071bd9b1c4b00a0b92d298c512478cad67e8",
    "chain": "bsc"
  },
  "COOKIEUSDT": {
    "address": "0x614747c53cb1636b4b962e15e1d66d3214621100",
    "chain": "base"
  },
  "COOKUSDT": {
    "address": "0x9f0c013016e8656bc256f948cd4b79ab25c7b94d",
    "chain": "ethereum"
  },
  "COREUSDT": {
    "address": "0xe8e286b378254c4913c0c6964361636384b9d018",
    "chain": "base"
  },
  "COTIUSDT": {
    "address": "0xddb3422497e61e13543bea06989c0789117555c5",
    "chain": "ethereum"
  },
  "COWUSDT": {
    "address": "0xdef1ca1fb7fbcdc777520aa7f396b4e015f497ab",
    "chain": "ethereum"
  },
  "CPOOLUSDT": {
    "address": "0x66761fa41377003622aee3c7675fc7b5c1c2fac5",
    "chain": "ethereum"
  },
  "CRVUSDT": {
    "address": "0xd533a949740bb3306d119cc777fa900ba034cd52",
    "chain": "ethereum"
  },
  "CTCUSDT": {
    "address": "0xa3ee21c306a700e682abcdfe9baa6a08f3820419",
    "chain": "ethereum"
  },
  "CTKUSDT": {
    "address": "0x42a501903afaa1086b5975773375c80e363f4063",
    "chain": "ethereum"
  },
  "CTSIUSDT": {
    "address": "0x8da443f84fea710266c8eb6bc34b71702d033ef2",
    "chain": "bsc"
  },
  "CVCUSDT": {
    "address": "0x41e5560054824ea6b0732e656e3ad64e20e94e45",
    "chain": "ethereum"
  },
  "CVXUSDT": {
    "address": "0x4e3fbd56cd56c3e72c1403e103b45db9da5b9d2b",
    "chain": "ethereum"
  },
  "CYBERUSDT": {
    "address": "CYBER-489c1c",
    "chain": "elrond"
  },
  "DARKUSDT": {
    "address": "FmQ7v2QUqXVVtAXkngBh3Mwx7s3mKT55nQ5Z673dURYS",
    "chain": "solana"
  },
  "DASHUSDT": {
    "address": "0xedc3be0080f65c628964f44ba3f2b6057e60f8dc",
    "chain": "ethereum"
  },
  "DBRUSDT": {
    "address": "0xad038eb671c44b853887a7e32528fab35dc5d710",
    "chain": "ethereum"
  },
  "DEEPUSDT": {
    "address": "KT1Fzw3uNEM7Ez8tysopUGwzDsoU2YZKUYuA",
    "chain": "tezos"
  },
  "DEGENUSDT": {
    "address": "8AGrudQDbjNjnHzBsrndfVDBHgg6KBJ7RN6j3hbfq3Qh",
    "chain": "solana"
  },
  "DENTUSDT": {
    "address": "0x3597bfd533a99c9aa083587b074434e61eb0a258",
    "chain": "ethereum"
  },
  "DEXEUSDT": {
    "address": "0x6e88056e8376ae7709496ba64d37fa2f8015ce3e",
    "chain": "bsc"
  },
  "DODOUSDT": {
    "address": "DoDoYogRFcc7XRwdJfMQKLvccYJKAvqPnqVpFZq6kjYs",
    "chain": "solana"
  },
  "DOGEUSDT": {
    "address": "0x9cc7437978255e2c38b0d3d4671fb9ac411a68ac",
    "chain": "pulsechain"
  },
  "DOGSUSDT": {
    "address": "EQCvxJy4eG8hyHBFsZ7eePxrRsUQSFE_jpptRAYBmcG_DOGS",
    "chain": "the-open-network"
  },
  "DOGUSDT": {
    "address": "0xaa88c603d142c371ea0eac8756123c5805edee03",
    "chain": "bsc"
  },
  "DOODUSDT": {
    "address": "DvjbEsdca43oQcw2h3HW1CT7N3x5vRcr3QrvTUHnXvgV",
    "chain": "solana"
  },
  "DOTUSDT": {
    "address": "0xffffffff1fcacbd218edc0eba20fc2308c778080",
    "chain": "moonbeam"
  },
  "DRIFTUSDT": {
    "address": "0x5de9a1c782fd38eabbf6c99f5457e0518ab36ae4",
    "chain": "bsc"
  },
  "DUCKUSDT": {
    "address": "2ru7VX6NnaZ78znCtgGmYs2PdcAQRCr3UaPfRkDUpump",
    "chain": "solana"
  },
  "DUSKUSDT": {
    "address": "0xb2bd0749dbe21f623d9baba856d3b0f0e1bfec9c",
    "chain": "bsc"
  },
  "DYDXUSDT": {
    "address": "4Hx6Bj56eGyw8EJrrheM6LBQAvVYRikYCWsALeTrwyRU",
    "chain": "solana"
  },
  "DYMUSDT": {
    "address": "ibc/9A76CDF0CBCEF37923F32518FA15E5DC92B9F56128292BC4D63C4AEA76CBB110",
    "chain": "osmosis"
  },
  "EDUUSDT": {
    "address": "0xbdeae1ca48894a1759a8374d63925f21f2ee2639",
    "chain": "bsc"
  },
  "EIGENUSDT": {
    "address": "0xec53bf9167f50cdeb3ae105f56099aaab9061f83",
    "chain": "ethereum"
  },
  "ELXUSDT": {
    "address": "0x89a8c847f41c0dfa6c8b88638bacca8a0b777da7",
    "chain": "ethereum"
  },
  "ENAUSDT": {
    "address": "0x57e114b691db790c35207b2e685d4a43181e6061",
    "chain": "ethereum"
  },
  "ENJUSDT": {
    "address": "0xf629cbd94d3791c9250152bd8dfbdf380e2a3b9c",
    "chain": "ethereum"
  },
  "ENSUSDT": {
    "address": "0xc18360217d8f7ab5e7c516566761ea12ce7f9d72",
    "chain": "ethereum"
  },
  "EPICUSDT": {
    "address": "0x94314a14df63779c99c0764a30e0cd22fa78fc0e",
    "chain": "ethereum"
  },
  "EPTUSDT": {
    "address": "0x3dc8e2d80b6215a1bccae4d38715c3520581e77c",
    "chain": "bsc"
  },
  "ETHFIUSDT": {
    "address": "0xfe0c30065b384f05761f15d0cc899d4f9f9cc0eb",
    "chain": "ethereum"
  },
  "ETHUSDT": {
    "address": "2kaRSuDcz1V1kqq1sDmP23Wy98jutHQQgr5fGDWRpump",
    "chain": "solana"
  },
  "FARTCOINUSDT": {
    "address": "9BB6NFEcjBCtnNLFko2FqVQBq8HHM13kCyYcdQbgpump",
    "chain": "solana"
  },
  "FHEUSDT": {
    "address": "0xd55c9fb62e176a8eb6968f32958fefdd0962727e",
    "chain": "bsc"
  },
  "FIDAUSDT": {
    "address": "EchesyfXePKdLtoiZSL8pBe8Myagyy8ZRqsACNCFGnvp",
    "chain": "solana"
  },
  "FLOCKUSDT": {
    "address": "0xb33d999469a7e6b9ebc25a3a05248287b855ed46",
    "chain": "ethereum"
  },
  "FLOWUSDT": {
    "address": "0xb5b060055f0d1ef5174329913ef861bc3addf029",
    "chain": "canto"
  },
  "FORTHUSDT": {
    "address": "0x77fba179c79de5b7653f68b5039af940ada60ce0",
    "chain": "ethereum"
  },
  "FTNUSDT": {
    "address": "0x1045971c168b5294acbc8727a4f1c9e1af99f6d0",
    "chain": "bsc"
  },
  "FUELUSDT": {
    "address": "0x675b68aa4d9c2d3bb3f0397048e62e6b7192079c",
    "chain": "ethereum"
  },
  "FWOGUSDT": {
    "address": "A8C3xuqscfmyLrte3VmTqrAq8kgMASius9AFNANwpump",
    "chain": "solana"
  },
  "GALAUSDT": {
    "address": "0xd1d2eb1b1e90b638588728b4130137d262c87cae",
    "chain": "ethereum"
  },
  "GMXUSDT": {
    "address": "0xfc5a1a6eb076a2c7ad06ed22c90d7e710e35ad0a",
    "chain": "arbitrum"
  },
  "GODSUSDT": {
    "address": "0xccc8cb5229b0ac8069c51fd58367fd1e622afd97",
    "chain": "ethereum"
  },
  "GRTUSDT": {
    "address": "0xc944e90c64b2c07662a292be6244bdf05cda44a7",
    "chain": "ethereum"
  },
  "GTCUSDT": {
    "address": "0x6cd871fb811224aa23b6bf1646177cdfe5106416",
    "chain": "bsc"
  },
  "HIFIUSDT": {
    "address": "0x4b9278b94a1112cad404048903b8d343a810b07e",
    "chain": "ethereum"
  },
  "HIGHUSDT": {
    "address": "0x5f4bde007dc06b867f86ebfe4802e34a1ffeed63",
    "chain": "bsc"
  },
  "IDEXUSDT": {
    "address": "0xb705268213d593b8fd88d3fdeff93aff5cbdcfae",
    "chain": "ethereum"
  },
  "ILVUSDT": {
    "address": "0x767fe9edc9e0df98e07454847909b5e959d7ca0e",
    "chain": "ethereum"
  },
  "IMXUSDT": {
    "address": "0xf57e7e7c23978c3caec3c3548e3d615c346e79ff",
    "chain": "ethereum"
  },
  "INITUSDT": {
    "address": "uinit",
    "chain": "initia"
  },
  "INJUSDT": {
    "address": "0xa2b726b1145a4773f68593cf171187d8ebe4d495",
    "chain": "bsc"
  },
  "IOTXUSDT": {
    "address": "0x6fb3e0a217407efff7ca062d46c26e5d60a14d69",
    "chain": "ethereum"
  },
  "JASMYUSDT": {
    "address": "0x7420b4b9a0110cdc71fb720908340c03f9bc03ec",
    "chain": "ethereum"
  },
  "JELLYJELLYUSDT": {
    "address": "FeR8VBqNRSUD5NtXAj2n3j1dAHkZHfyDktKuLXD4pump",
    "chain": "solana"
  },
  "JOEUSDT": {
    "address": "0x76e222b07c53d28b89b0bac18602810fc22b49a8",
    "chain": "ethereum"
  },
  "JSTUSDT": {
    "address": "TCFLL5dx5ZJdKnWuesXxi1VPwjLVmWZZy9",
    "chain": "tron"
  },
  "JTOUSDT": {
    "address": "jtojtomepa8beP8AuQc6eXt5FriJwfFMwQx2v2f9mCL",
    "chain": "solana"
  },
  "JUPUSDT": {
    "address": "JUPyiwrYJFskUPiHa7hkeR8VUtAeFoSYbKedZNsDvCN",
    "chain": "solana"
  },
  "KAITOUSDT": {
    "address": "0x98d0baa52b2d063e780de12f615f963fe8537553",
    "chain": "base"
  },
  "KASUSDT": {
    "address": "0x51e72dd1f2628295cc2ef931cb64fdbdc3a0c599",
    "chain": "bsc"
  },
  "KAVAUSDT": {
    "address": "ibc/57AA1A70A4BC9769C525EBF6386F7A21536E04A79D62E1981EFCEF9428EBB205",
    "chain": "osmosis"
  },
  "KERNELUSDT": {
    "address": "0x9ecaf80c1303cca8791afbc0ad405c8a35e8d9f1",
    "chain": "bsc"
  },
  "KMNOUSDT": {
    "address": "KMNo3nJsBXfcpJTVhZcXLW7RmTwTt4GVFE7suUBo9sS",
    "chain": "solana"
  },
  "KNCUSDT": {
    "address": "0xfe56d5892bdffc7bf58f2e84be1b2c32d21c308b",
    "chain": "bsc"
  },
  "KOMAUSDT": {
    "address": "0x5a12975bf0158c9c3b23622f44917d113f31842d",
    "chain": "ethereum"
  },
  "KSMUSDT": {
    "address": "asset_registry%2F1000771",
    "chain": "hydration"
  },
  "LAUNCHCOINUSDT": {
    "address": "Ey59PH7Z4BFU4HjyKnyMdWt5GGN76KazTAwQihoUXRnk",
    "chain": "solana"
  },
  "LDOUSDT": {
    "address": "0x0e076aafd86a71dceac65508daf975425c9d0cb6",
    "chain": "linea"
  },
  "LEVERUSDT": {
    "address": "0x4b5f49487ea7b3609b1ad05459be420548789f1f",
    "chain": "ethereum"
  },
  "LINKUSDT": {
    "address": "factory/osmo18zdw5yvs6gfp95rp74qqwug9yduw2fyr8kplk2xgs726s9axc5usa2vpgw/alloyed/allLINK",
    "chain": "osmosis"
  },
  "LISTAUSDT": {
    "address": "0xfceb31a79f71ac9cbdcf853519c1b12d379edc46",
    "chain": "bsc"
  },
  "LOOKSUSDT": {
    "address": "0xf4d2888d29d722226fafa5d9b24f9164c092421e",
    "chain": "ethereum"
  },
  "LPTUSDT": {
    "address": "0x58b6a8a3302369daec383334672404ee733ab239",
    "chain": "ethereum"
  },
  "LQTYUSDT": {
    "address": "0x6dea81c8171d0ba574754ef6f8b412f2ed88c54d",
    "chain": "ethereum"
  },
  "LRCUSDT": {
    "address": "0xbbbbca6a901c926f240b89eacb641d8aec7aeafd",
    "chain": "ethereum"
  },
  "LSKUSDT": {
    "address": "0x6033f7f88332b8db6ad452b7c6d5bb643990ae3f",
    "chain": "ethereum"
  },
  "MAGICUSDT": {
    "address": "0x435cbf7c09e01d6a07b9997770f7b9d1ab754020",
    "chain": "ethereum"
  },
  "MAJORUSDT": {
    "address": "CNyMaRR4krm1yAxfCvPXevNMArZZZk7sRqKwX68uCeJk",
    "chain": "solana"
  },
  "MAVIAUSDT": {
    "address": "0x24fcfc492c1393274b6bcd568ac9e225bec93584",
    "chain": "ethereum"
  },
  "MDTUSDT": {
    "address": "0x814e0908b12a99fecf5bc101bb5d0b8b5cdf7d26",
    "chain": "ethereum"
  },
  "MELANIAUSDT": {
    "address": "FUAfBo2jgks6gB4Z4LfZkqSZgzNucisEHqnNebaRxM1P",
    "chain": "solana"
  },
  "MKRUSDT": {
    "address": "0x9f8f72aa9304c8b593d555f12ef6589cc3a579a2",
    "chain": "ethereum"
  },
  "GASUSDT": {
    "address": "0x6bba316c48b49bd1eac44573c5c871ff02958469",
    "chain": "ethereum"
  },
  "GIGAUSDT": {
    "address": "0x83249c6794bca5a77eb8c0af9f1a86e055459cea",
    "chain": "ethereum"
  },
  "GLMUSDT": {
    "address": "0x7dd9c5cba05e151c895fde1cf355c9a1d5da6429",
    "chain": "ethereum"
  },
  "GMTUSDT": {
    "address": "0x3019bf2a2ef8040c242c9a4c5c4bd4c81678b2a1",
    "chain": "bsc"
  },
  "GNOUSDT": {
    "address": "0xe516a5cff996cc399efbb48355fd5ab83438e7a9",
    "chain": "linea"
  },
  "GOATUSDT": {
    "address": "59u8qAD2S2gEtsY5Vs7dJ95YspnHavyHEtRfzCEb9F7G",
    "chain": "solana"
  },
  "GOMININGUSDT": {
    "address": "0x7ddc52c4de30e94be3a6a0a2b259b2850f421989",
    "chain": "bsc"
  },
  "GORKUSDT": {
    "address": "38PgzpJYu2HkiYvV8qePFakB8tuobPdGm2FFEn7Dpump",
    "chain": "solana"
  },
  "GPSUSDT": {
    "address": "0x9a4a67721573f2c9209dfff972c52be4e3f6642e",
    "chain": "bsc"
  },
  "GRASSUSDT": {
    "address": "0xfcb49c1545d1d13272467f0d94e57a9aca39725c",
    "chain": "base"
  },
  "GRIFFAINUSDT": {
    "address": "KENJSUYLASHUMfHyy5o4Hp2FdNqZg1AsUPhfH2kYvEP",
    "chain": "solana"
  },
  "HAEDALUSDT": {
    "address": "0x3d9be0ac1001cd81c32464276d863d2ffdca4967",
    "chain": "bsc"
  },
  "HEIUSDT": {
    "address": "0xf8f173e20e15f3b6cb686fb64724d370689de083",
    "chain": "ethereum"
  },
  "HFTUSDT": {
    "address": "0x44ec807ce2f4a6f2737a92e985f318d035883e47",
    "chain": "bsc"
  },
  "HIPPOUSDT": {
    "address": "0x8993129d72e733985f7f1a00396cbd055bad6f817fee36576ce483c8bbb8b87b::sudeng::SUDENG",
    "chain": "sui"
  },
  "HIVEUSDT": {
    "address": "3fcZGkXf7xK4pBAxiyK13DXTC9x3cPxHE998YUbGuS85",
    "chain": "solana"
  },
  "HMSTRUSDT": {
    "address": "EQAJ8uWd7EBqsmpSWaRdf_I-8R8-XHwh3gsNKhy-UrdrPcUo",
    "chain": "the-open-network"
  },
  "HNTUSDT": {
    "address": "hntyVP6YFm1Hg25TN9WGLqM12b8TQmcknKrdu1oxWux",
    "chain": "solana"
  },
  "HOOKUSDT": {
    "address": "0xa260e12d2b924cb899ae80bb58123ac3fee1e2f0",
    "chain": "bsc"
  },
  "HOTUSDT": {
    "address": "0x6c6ee5e31d828de241282b9606c8e98ea48526e2",
    "chain": "ethereum"
  },
  "HUMAUSDT": {
    "address": "0x92516e0ddf1ddbf7fab1b79cac26689fdc5ba8e6",
    "chain": "bsc"
  },
  "HYPERUSDT": {
    "address": "0xc9d23ed2adb0f551369946bd377f8644ce1ca5c4",
    "chain": "bsc"
  },
  "ICPUSDT": {
    "address": "ryjl3-tyaaa-aaaaa-aaaba-cai",
    "chain": "internet-computer"
  },
  "MASAUSDT": {
    "address": "0x944824290cc12f31ae18ef51216a223ba4063092",
    "chain": "bsc"
  },
  "HYPEUSDT": {
    "address": "HYPE-619661",
    "chain": "elrond"
  },
  "MANAUSDT": {
    "address": "Bw5K8eZaf361uDLHgX2UUn1PNfC7XtgQVvY9sSappump",
    "chain": "solana"
  },
  "MANTAUSDT": {
    "address": "0x95cef13441be50d20ca4558cc0a27b601ac544e5",
    "chain": "manta-pacific"
  },
  "MASKUSDT": {
    "address": "0x2b8aac1630f7bc0c4b1ed8036c0fe0d71cb44709",
    "chain": "ethereum"
  },
  "MAVUSDT": {
    "address": "0xd691d9a68c887bdf34da8c36f63487333acfd103",
    "chain": "bsc"
  },
  "MBLUSDT": {
    "address": "e5a49d7fd57e7178e189d3965d1ee64368a1036d",
    "chain": "ontology"
  },
  "MBOXUSDT": {
    "address": "0x3203c9e46ca618c8c1ce5dc67e7e9d75f5da2377",
    "chain": "bsc"
  },
  "MEMEUSDT": {
    "address": "39Mzpdw7NDGiXmZZGWiCdR6Nzoc7muWuYkPsVDV4pump",
    "chain": "solana"
  },
  "MERLUSDT": {
    "address": "0xa0c56a8c0692bd10b3fa8f8ba79cf5332b7107f9",
    "chain": "bsc"
  },
  "METISUSDT": {
    "address": "0x9e32b13ce7f2e80a01932b42553652e053d6ed8e",
    "chain": "ethereum"
  },
  "MEWUSDT": {
    "address": "MEW1gQWJ3nEXg2qgERiKu7FAFj79PHvQVREQUzScPP5",
    "chain": "solana"
  },
  "MILKUSDT": {
    "address": "MLKmUCaj1dpBY881aFsrBwR9RUMoKic8SWT3u1q5Nkj",
    "chain": "solana"
  },
  "MLNUSDT": {
    "address": "0xec67005c4e498ec7f55e092bd1d35cbc47c91892",
    "chain": "ethereum"
  },
  "MNTUSDT": {
    "address": "0x26d3c0d9f4cc4c130097b6afdebe4f5e497e6bdf",
    "chain": "bsc"
  },
  "MOBILEUSDT": {
    "address": "mb1eu7TzEc71KxDpsmsKoucSSuuoGLv1drys1oP2jh6",
    "chain": "solana"
  },
  "MOVRUSDT": {
    "address": "0x98878b06940ae243284ca214f92bb71a2b032b8a",
    "chain": "moonriver"
  },
  "MOCAUSDT": {
    "address": "0x9ac07635ddbde5db18648c360defb00f5f22537e",
    "chain": "ethereum"
  },
  "MOODENGUSDT": {
    "address": "0x28561b8a2360f463011c16b6cc0b0cbef8dbbcad",
    "chain": "ethereum"
  },
  "MORPHOUSDT": {
    "address": "0x9994e35db50125e0df82e4c2dde62496ce330999",
    "chain": "ethereum"
  },
  "MOVEUSDT": {
    "address": "0x3073f7aaa4db83f95e9fff17424f71d4751a3073",
    "chain": "ethereum"
  },
  "MTLUSDT": {
    "address": "0xbcfc435d8f276585f6431fc1b9ee9a850b5c00a9",
    "chain": "metal-l2"
  },
  "MUBARAKUSDT": {
    "address": "3T5gKSRQy6ZbUJwGEhDL6yg73nTaLVax6TagkcTDpump",
    "chain": "solana"
  },
  "MVLUSDT": {
    "address": "0x5f588efaf8eb57e3837486e834fc5a4e07768d98",
    "chain": "bsc"
  },
  "MYRIAUSDT": {
    "address": "myriadcore.near",
    "chain": "near-protocol"
  },
  "NEARUSDT": {
    "address": "0x85f17cf997934a597031b2e18a9ab6ebd4b9f6a4",
    "chain": "ethereum"
  },
  "NFPUSDT": {
    "address": "0x551897f8203bd131b350601d3ac0679ba0fc0136",
    "chain": "bsc"
  },
  "NKNUSDT": {
    "address": "0x5cf04716ba20127f1e2297addcf4b5035000c9eb",
    "chain": "ethereum"
  },
  "NMRUSDT": {
    "address": "0x1776e1f26f98b1a5df9cd347953a26dd3cb46671",
    "chain": "ethereum"
  },
  "NOTUSDT": {
    "address": "SP32AEEF6WW5Y0NMJ1S8SBSZDAY8R5J32NBZFPKKZ.nope",
    "chain": "stacks"
  },
  "NTRNUSDT": {
    "address": "ibc/126DA09104B71B164883842B769C0E9EC1486C0887D27A9999E395C2C8FB5682",
    "chain": "osmosis"
  },
  "OMGUSDT": {
    "address": "0xd26114cd6ee289accf82350c8d8487fedb8a0c07",
    "chain": "ethereum"
  },
  "BDXNUSDT": {
    "address": "0xbdbdbdd0c22888e63cb9098ad6d68439197cb091",
    "chain": "ethereum"
  },
  "NXPCUSDT": {
    "address": "0x5e0e90e268bc247cc850c789a0db0d5c7621fb59",
    "chain": "avalanche"
  },
  "OBOLUSDT": {
    "address": "0x0b010000b7624eb9b3dfbc279673c76e9d29d5f7",
    "chain": "ethereum"
  },
  "OBTUSDT": {
    "address": "0x1cd9a56c8c2ea913c70319a44da75e99255aa46f",
    "chain": "arbitrum"
  },
  "OGNUSDT": {
    "address": "0x8207c1ffc5b6804f6024322ccf34f29c3541ae26",
    "chain": "ethereum"
  },
  "OMNIUSDT": {
    "address": "0xb58f9704c7a80d2775222f7cb2eed28beb9a06be",
    "chain": "base"
  },
  "ONDOUSDT": {
    "address": "0xfaba6f8e4a5e8ab82f62fe7c39859fa577269be3",
    "chain": "ethereum"
  },
  "ONEUSDT": {
    "address": "ONE-f9954f",
    "chain": "elrond"
  },
  "OSMOUSDT": {
    "address": "uosmo",
    "chain": "osmosis"
  },
  "PENDLEUSDT": {
    "address": "0xb3ed0a426155b79b898849803e3b36552f7ed507",
    "chain": "bsc"
  },
  "ORBSUSDT": {
    "address": "0x43a8cab15d06d3a5fe5854d714c37e7e9246f170",
    "chain": "bsc"
  },
  "ORCAUSDT": {
    "address": "orcaEKTdK7LKz57vaAYr9QeNsVEPfiu6QeMU1kektZE",
    "chain": "solana"
  },
  "ORDERUSDT": {
    "address": "0x4e200fe2f3efb977d5fd9c430a41531fb04d97b8",
    "chain": "bsc"
  },
  "ORDIUSDT": {
    "address": "b61b0172d95e266c18aea0c624db987e971a5d6d4ebc2aaed85da4642d635735i0",
    "chain": "ordinals"
  },
  "OXTUSDT": {
    "address": "0x4575f41308ec1483f3d399aa9a2826d74da13deb",
    "chain": "ethereum"
  },
  "PARTIUSDT": {
    "address": "0x59264f02d301281f3393e1385c0aefd446eb0f00",
    "chain": "bsc"
  },
  "PAXGUSDT": {
    "address": "0x45804880de22913dafe09f4980848ece6ecbaf78",
    "chain": "ethereum"
  },
  "PEAQUSDT": {
    "address": "PEAQ",
    "chain": "peaq"
  },
  "PENGUUSDT": {
    "address": "2zMMhcVQEXDtdE6vsFS7S7D5oUodfJHE8vd1gnBouauv",
    "chain": "solana"
  },
  "PEOPLEUSDT": {
    "address": "CobcsUrt3p91FwvULYKorQejgsm5HoQdv5T8RUZ6PnLA",
    "chain": "solana"
  },
  "PLUMEUSDT": {
    "address": "0x4c1746a800d224393fe2470c70a35717ed4ea5f1",
    "chain": "ethereum"
  },
  "POPCATUSDT": {
    "address": "7GCihgDB8fe6KNjn2MYtkzZcRjQy3t9GHdC8uHYmW2hr",
    "chain": "solana"
  },
  "PHAUSDT": {
    "address": "0x6c5ba91642f10282b576d91922ae6448c9d52f4e",
    "chain": "ethereum"
  },
  "PHBUSDT": {
    "address": "1578103c13e39df15d0d29826d957e85d770d8c9",
    "chain": "neo"
  },
  "PIPPINUSDT": {
    "address": "Dfh5DzRgSvvCFDoYc2ciTkMrbDfRKybA4SoFbPmApump",
    "chain": "solana"
  },
  "PIXELUSDT": {
    "address": "0x47db24e17c0c4622523449a239b3de746e2b0b23",
    "chain": "bsc"
  },
  "PNUTUSDT": {
    "address": "7jYfnjn3jHWmUhhgfkZ9uUEKroH3Zz1BvF8RmVQHm86D",
    "chain": "solana"
  },
  "POLUSDT": {
    "address": "TWcDDx1Q6QEoBrJi9qehtZnD4vcXXuVLer",
    "chain": "tron"
  },
  "PONKEUSDT": {
    "address": "EQC8XkUEWb6bzbzE9eVaASoKUCyYA_CUQALGE15jWInEqla6",
    "chain": "the-open-network"
  },
  "PORTALUSDT": {
    "address": "0x1bbe973bef3a977fc51cbed703e8ffdefe001fed",
    "chain": "ethereum"
  },
  "PRAIUSDT": {
    "address": "0x899357e54c2c4b014ea50a9a7bf140ba6df2ec73",
    "chain": "bsc"
  },
  "PRCLUSDT": {
    "address": "4LLbsb5ReP3yEtYzmXewyGjcir5uXtKFURtaEUVC2AHs",
    "chain": "solana"
  },
  "PROMUSDT": {
    "address": "0xaf53d56ff99f1322515e54fdde93ff8b3b7dafd5",
    "chain": "bsc"
  },
  "QNTUSDT": {
    "address": "0x4a220e6096b25eadb88358cb44068a3248254675",
    "chain": "ethereum"
  },
  "POWRUSDT": {
    "address": "0x595832f8fc6bf59c85c527fec3740a1b7a361269",
    "chain": "ethereum"
  },
  "PRIMEUSDT": {
    "address": "PRiME7gDoiG1vGr95a3CRMv9xHY7UGjd4JKvfSkmQu2",
    "chain": "solana"
  },
  "PROMPTUSDT": {
    "address": "0x28d38df637db75533bd3f71426f3410a82041544",
    "chain": "ethereum"
  },
  "PUFFERUSDT": {
    "address": "0x87d00066cf131ff54b72b134a217d5401e5392b6",
    "chain": "bsc"
  },
  "PUMPBTCUSDT": {
    "address": "0xf9c4ff105803a77ecb5dae300871ad76c2794fa4",
    "chain": "bsc"
  },
  "PUNDIXUSDT": {
    "address": "0x0fd10b9899882a6f2fcb5c371e17e70fdee00c38",
    "chain": "ethereum"
  },
  "PYRUSDT": {
    "address": "0x430ef9263e76dae63c84292c3409d61c598e9682",
    "chain": "ethereum"
  },
  "PYTHUSDT": {
    "address": "HZ1JovNiVvGrGNiiYvEozEVgZ58xaU3RKwX8eACQBCt3",
    "chain": "solana"
  },
  "QUICKUSDT": {
    "address": "0xd2ba23de8a19316a638dc1e7a9adda1d74233368",
    "chain": "ethereum"
  },
  "RADUSDT": {
    "address": "0x31c8eacbffdd875c74b94b077895bd78cf1e64a3",
    "chain": "ethereum"
  },
  "RAREUSDT": {
    "address": "0x93dfaf57d986b9ca77df9376c50878e013d9c7c8",
    "chain": "ethereum"
  },
  "RDNTUSDT": {
    "address": "0x137ddb47ee24eaa998a535ab00378d6bfa84f893",
    "chain": "ethereum"
  },
  "REDUSDT": {
    "address": "0xc744df3419a8c9bd4d6b9852a503eb1c5308a326",
    "chain": "ethereum"
  },
  "RENDERUSDT": {
    "address": "0x6de037ef9ad2725eb40118bb1702ebb27e4aeb24",
    "chain": "ethereum"
  },
  "REQUSDT": {
    "address": "0x8f8221afbb33998d8584a2b05749ba73c37a938a",
    "chain": "ethereum"
  },
  "REZUSDT": {
    "address": "0x3b50805453023a91a8bf641e279401a0b23fa6f9",
    "chain": "ethereum"
  },
  "RLCUSDT": {
    "address": "0x607f4c5bb672230e8672085532f7e901544a7375",
    "chain": "ethereum"
  },
  "RPLUSDT": {
    "address": "0xd33526068d116ce69f19a9ee46f0bd304f21a51f",
    "chain": "ethereum"
  },
  "RSRUSDT": {
    "address": "0x320623b8e4ff03373931769a31fc52a4e78b5d70",
    "chain": "ethereum"
  },
  "SFPUSDT": {
    "address": "0x12e2b8033420270db2f3b328e32370cb5b2ca134",
    "chain": "ethereum"
  },
  "SIGNUSDT": {
    "address": "0x868fced65edbf0056c4163515dd840e9f287a4c3",
    "chain": "ethereum"
  },
  "SKLUSDT": {
    "address": "0x00c83aecc790e8a4453e5dd3b0b4b3680501a7a7",
    "chain": "ethereum"
  },
  "SLPUSDT": {
    "address": "0xcc8fa225d80b9c7d42f96e9570156c65d6caaa25",
    "chain": "ethereum"
  },
  "SNTUSDT": {
    "address": "0x744d70fdbe2ba4cf95131626614a1763df805b9e",
    "chain": "ethereum"
  },
  "SNXUSDT": {
    "address": "0xc011a73ee8576fb46f5e1c5751ca3b9fe0af2a6f",
    "chain": "ethereum"
  },
  "SOPHUSDT": {
    "address": "0x6b7774cb12ed7573a7586e7d0e62a2a563ddd3f0",
    "chain": "ethereum"
  },
  "SPECUSDT": {
    "address": "0xab0ceb816ad51168ea61545316ee0b3387122243",
    "chain": "ethereum"
  },
  "SPXUSDT": {
    "address": "0xe0f63a424a4439cbe457d80e4f4b51ad25b2c56c",
    "chain": "ethereum"
  },
  "SSVUSDT": {
    "address": "0x9d65ff81a3c488d585bbfb0bfe3c7707c7917f54",
    "chain": "ethereum"
  },
  "STGUSDT": {
    "address": "0xaf5191b0de278c7286d6c7cc6ab6bb8a73ba2cd6",
    "chain": "ethereum"
  },
  "STORJUSDT": {
    "address": "0xb64ef51c888972c908cfacf59b47c1afbc0ab8ac",
    "chain": "ethereum"
  },
  "STOUSDT": {
    "address": "0x1d88713b483a8e45cff0e5cd7c2e15e5fab4534d",
    "chain": "ethereum"
  },
  "STRKUSDT": {
    "address": "0xca14007eff0db1f8135f4c25b34de49ab0d42766",
    "chain": "ethereum"
  },
  "STXUSDT": {
    "address": "0x006bea43baa3f7a6f765f14f10a1a1b08334ef45",
    "chain": "ethereum"
  },
  "SUPERUSDT": {
    "address": "0xe53ec727dbdeb9e2d5456c3be40cff031ab40a55",
    "chain": "ethereum"
  },
  "SUSHIUSDT": {
    "address": "0x6b3595068778dd592e39a122f4f5a5cf09c90fe2",
    "chain": "ethereum"
  },
  "SWEATUSDT": {
    "address": "0xb4b9dc1c77bdbb135ea907fd5a08094d98883a35",
    "chain": "ethereum"
  },
  "SWELLUSDT": {
    "address": "0x0a6e7ba5042b38349e437ec6db6214aec7b35676",
    "chain": "ethereum"
  },
  "SXPUSDT": {
    "address": "0x8ce9137d39326ad0cd6491fb5cc0cba0e089b6a9",
    "chain": "ethereum"
  },
  "SXTUSDT": {
    "address": "0xe6bfd33f52d82ccb5b37e16d3dd81f9ffdabb195",
    "chain": "ethereum"
  },
  "SYRUPUSDT": {
    "address": "0x643c4e15d7d62ad0abec4a9bd4b001aa3ef52d66",
    "chain": "ethereum"
  },
  "BCHUSDT": {
    "id": "bitcoin-cash",
    "platforms": {}
  }
}