[
  {
    "symbol": "ORBSUSDT",
    "timestamp": "2025-06-15T12:44:34.310780+00:00",
    "ppwcs_score": 21,
    "stage_minus2": false,
    "stage_minus1": false,
    "stage_1g": false
  },
  {
    "symbol": "EPTUSDT",
    "timestamp": "2025-06-15T12:44:34.339747+00:00",
    "ppwcs_score": 21,
    "stage_minus2": false,
    "stage_minus1": false,
    "stage_1g": false
  },
  {
    "symbol": "JASMYUSDT",
    "timestamp": "2025-06-15T12:44:34.368548+00:00",
    "ppwcs_score": 21,
    "stage_minus2": false,
    "stage_minus1": false,
    "stage_1g": false
  },
  {
    "symbol": "CHILLGUYUSDT",
    "timestamp": "2025-06-15T12:44:34.399816+00:00",
    "ppwcs_score": 36,
    "stage_minus2": false,
    "stage_minus1": false,
    "stage_1g": false
  },
  {
    "symbol": "STRKUSDT",
    "timestamp": "2025-06-15T12:44:34.428427+00:00",
    "ppwcs_score": 21,
    "stage_minus2": false,
    "stage_minus1": false,
    "stage_1g": false
  },
  {
    "symbol": "HUMAUSDT",
    "timestamp": "2025-06-15T12:44:34.457145+00:00",
    "ppwcs_score": 21,
    "stage_minus2": false,
    "stage_minus1": false,
    "stage_1g": false
  },
  {
    "symbol": "ARPAUSDT",
    "timestamp": "2025-06-15T12:44:34.485687+00:00",
    "ppwcs_score": 21,
    "stage_minus2": false,
    "stage_minus1": false,
    "stage_1g": false
  },
  {
    "symbol": "SIGNUSDT",
    "timestamp": "2025-06-15T12:44:34.514565+00:00",
    "ppwcs_score": 36,
    "stage_minus2": false,
    "stage_minus1": false,
    "stage_1g": false
  },
  {
    "symbol": "DOGUSDT",
    "timestamp": "2025-06-15T12:44:34.543475+00:00",
    "ppwcs_score": 21,
    "stage_minus2": false,
    "stage_minus1": false,
    "stage_1g": false
  },
  {
    "symbol": "SNTUSDT",
    "timestamp": "2025-06-15T12:44:34.572300+00:00",
    "ppwcs_score": 21,
    "stage_minus2": false,
    "stage_minus1": false,
    "stage_1g": false
  },
  {
    "symbol": "SLPUSDT",
    "timestamp": "2025-06-15T12:44:34.601018+00:00",
    "ppwcs_score": 21,
    "stage_minus2": false,
    "stage_minus1": false,
    "stage_1g": false
  },
  {
    "symbol": "REZUSDT",
    "timestamp": "2025-06-15T12:44:34.630082+00:00",
    "ppwcs_score": 21,
    "stage_minus2": false,
    "stage_minus1": false,
    "stage_1g": false
  },
  {
    "symbol": "KASUSDT",
    "timestamp": "2025-06-15T12:44:34.658756+00:00",
    "ppwcs_score": 21,
    "stage_minus2": false,
    "stage_minus1": false,
    "stage_1g": false
  },
  {
    "symbol": "BIOUSDT",
    "timestamp": "2025-06-15T12:44:34.704714+00:00",
    "ppwcs_score": 21,
    "stage_minus2": false,
    "stage_minus1": false,
    "stage_1g": false
  },
  {
    "symbol": "FLOCKUSDT",
    "timestamp": "2025-06-15T12:44:34.733804+00:00",
    "ppwcs_score": 36,
    "stage_minus2": false,
    "stage_minus1": false,
    "stage_1g": false
  },
  {
    "symbol": "FUSDT",
    "timestamp": "2025-06-15T12:44:34.762487+00:00",
    "ppwcs_score": 21,
    "stage_minus2": false,
    "stage_minus1": false,
    "stage_1g": false
  },
  {
    "symbol": "XRPUSDT",
    "timestamp": "2025-06-15T12:44:34.791113+00:00",
    "ppwcs_score": 3,
    "stage_minus2": false,
    "stage_minus1": false,
    "stage_1g": false
  },
  {
    "symbol": "ZILUSDT",
    "timestamp": "2025-06-15T12:44:34.820035+00:00",
    "ppwcs_score": 21,
    "stage_minus2": false,
    "stage_minus1": false,
    "stage_1g": false
  },
  {
    "symbol": "THEUSDT",
    "timestamp": "2025-06-15T12:44:34.848736+00:00",
    "ppwcs_score": 21,
    "stage_minus2": false,
    "stage_minus1": false,
    "stage_1g": false
  },
  {
    "symbol": "DBRUSDT",
    "timestamp": "2025-06-15T12:44:34.878209+00:00",
    "ppwcs_score": 21,
    "stage_minus2": false,
    "stage_minus1": false,
    "stage_1g": false
  },
  {
    "symbol": "SWEATUSDT",
    "timestamp": "2025-06-15T12:44:34.906840+00:00",
    "ppwcs_score": 21,
    "stage_minus2": false,
    "stage_minus1": false,
    "stage_1g": false
  },
  {
    "symbol": "SWELLUSDT",
    "timestamp": "2025-06-15T12:44:34.935469+00:00",
    "ppwcs_score": 21,
    "stage_minus2": false,
    "stage_minus1": false,
    "stage_1g": false
  },
  {
    "symbol": "WCTUSDT",
    "timestamp": "2025-06-15T12:44:34.963942+00:00",
    "ppwcs_score": 21,
    "stage_minus2": false,
    "stage_minus1": false,
    "stage_1g": false
  },
  {
    "symbol": "ANKRUSDT",
    "timestamp": "2025-06-15T12:44:34.992916+00:00",
    "ppwcs_score": 21,
    "stage_minus2": false,
    "stage_minus1": false,
    "stage_1g": false
  },
  {
    "symbol": "HOMEUSDT",
    "timestamp": "2025-06-15T12:44:35.021573+00:00",
    "ppwcs_score": 21,
    "stage_minus2": false,
    "stage_minus1": false,
    "stage_1g": false
  },
  {
    "symbol": "HOTUSDT",
    "timestamp": "2025-06-15T12:44:35.050499+00:00",
    "ppwcs_score": 21,
    "stage_minus2": false,
    "stage_minus1": false,
    "stage_1g": false
  },
  {
    "symbol": "GALAUSDT",
    "timestamp": "2025-06-15T12:44:35.079383+00:00",
    "ppwcs_score": 26,
    "stage_minus2": false,
    "stage_minus1": false,
    "stage_1g": false
  },
  {
    "symbol": "BMTUSDT",
    "timestamp": "2025-06-15T12:44:35.108427+00:00",
    "ppwcs_score": 21,
    "stage_minus2": false,
    "stage_minus1": false,
    "stage_1g": false
  },
  {
    "symbol": "AXLUSDT",
    "timestamp": "2025-06-15T12:44:35.137081+00:00",
    "ppwcs_score": 21,
    "stage_minus2": false,
    "stage_minus1": false,
    "stage_1g": false
  },
  {
    "symbol": "SOPHUSDT",
    "timestamp": "2025-06-15T12:44:35.166179+00:00",
    "ppwcs_score": 21,
    "stage_minus2": false,
    "stage_minus1": false,
    "stage_1g": false
  },
  {
    "symbol": "LEVERUSDT",
    "timestamp": "2025-06-15T12:44:35.195208+00:00",
    "ppwcs_score": 36,
    "stage_minus2": false,
    "stage_minus1": false,
    "stage_1g": false
  },
  {
    "symbol": "MOODENGUSDT",
    "timestamp": "2025-06-15T12:44:35.224641+00:00",
    "ppwcs_score": 36,
    "stage_minus2": false,
    "stage_minus1": false,
    "stage_1g": false
  },
  {
    "symbol": "TUSDT",
    "timestamp": "2025-06-15T12:44:35.253365+00:00",
    "ppwcs_score": 21,
    "stage_minus2": false,
    "stage_minus1": false,
    "stage_1g": false
  },
  {
    "symbol": "BDXNUSDT",
    "timestamp": "2025-06-15T12:44:35.282327+00:00",
    "ppwcs_score": 21,
    "stage_minus2": false,
    "stage_minus1": false,
    "stage_1g": false
  },
  {
    "symbol": "AGTUSDT",
    "timestamp": "2025-06-15T12:44:35.311123+00:00",
    "ppwcs_score": 21,
    "stage_minus2": false,
    "stage_minus1": false,
    "stage_1g": false
  },
  {
    "symbol": "DENTUSDT",
    "timestamp": "2025-06-15T12:44:35.339892+00:00",
    "ppwcs_score": 21,
    "stage_minus2": false,
    "stage_minus1": false,
    "stage_1g": false
  },
  {
    "symbol": "BRETTUSDT",
    "timestamp": "2025-06-15T12:44:35.368731+00:00",
    "ppwcs_score": 21,
    "stage_minus2": false,
    "stage_minus1": false,
    "stage_1g": false
  },
  {
    "symbol": "COTIUSDT",
    "timestamp": "2025-06-15T12:44:35.397607+00:00",
    "ppwcs_score": 21,
    "stage_minus2": false,
    "stage_minus1": false,
    "stage_1g": false
  },
  {
    "symbol": "USTCUSDT",
    "timestamp": "2025-06-15T12:44:35.426418+00:00",
    "ppwcs_score": 21,
    "stage_minus2": false,
    "stage_minus1": false,
    "stage_1g": false
  },
  {
    "symbol": "ENAUSDT",
    "timestamp": "2025-06-15T12:44:35.455180+00:00",
    "ppwcs_score": 36,
    "stage_minus2": false,
    "stage_minus1": false,
    "stage_1g": false
  },
  {
    "symbol": "SKATEUSDT",
    "timestamp": "2025-06-15T12:44:35.484007+00:00",
    "ppwcs_score": 21,
    "stage_minus2": false,
    "stage_minus1": false,
    "stage_1g": false
  },
  {
    "symbol": "MNTUSDT",
    "timestamp": "2025-06-15T12:44:35.512951+00:00",
    "ppwcs_score": 21,
    "stage_minus2": false,
    "stage_minus1": false,
    "stage_1g": false
  },
  {
    "symbol": "ZENTUSDT",
    "timestamp": "2025-06-15T12:44:35.541758+00:00",
    "ppwcs_score": 21,
    "stage_minus2": false,
    "stage_minus1": false,
    "stage_1g": false
  },
  {
    "symbol": "GIGAUSDT",
    "timestamp": "2025-06-15T12:44:35.571088+00:00",
    "ppwcs_score": 36,
    "stage_minus2": false,
    "stage_minus1": false,
    "stage_1g": false
  },
  {
    "symbol": "PUMPBTCUSDT",
    "timestamp": "2025-06-15T12:44:35.600020+00:00",
    "ppwcs_score": 21,
    "stage_minus2": false,
    "stage_minus1": false,
    "stage_1g": false
  },
  {
    "symbol": "FLOCKUSDT",
    "timestamp": "2025-06-15T12:51:41.443656+00:00",
    "ppwcs_score": 36,
    "stage_minus2": false,
    "stage_minus1": false,
    "stage_1g": false
  },
  {
    "symbol": "SNTUSDT",
    "timestamp": "2025-06-15T12:51:41.472900+00:00",
    "ppwcs_score": 21,
    "stage_minus2": false,
    "stage_minus1": false,
    "stage_1g": false
  },
  {
    "symbol": "BDXNUSDT",
    "timestamp": "2025-06-15T12:51:41.502012+00:00",
    "ppwcs_score": 21,
    "stage_minus2": false,
    "stage_minus1": false,
    "stage_1g": false
  },
  {
    "symbol": "JASMYUSDT",
    "timestamp": "2025-06-15T12:51:41.531136+00:00",
    "ppwcs_score": 21,
    "stage_minus2": false,
    "stage_minus1": false,
    "stage_1g": false
  },
  {
    "symbol": "THEUSDT",
    "timestamp": "2025-06-15T12:51:41.560276+00:00",
    "ppwcs_score": 21,
    "stage_minus2": false,
    "stage_minus1": false,
    "stage_1g": false
  },
  {
    "symbol": "CHILLGUYUSDT",
    "timestamp": "2025-06-15T12:51:41.589310+00:00",
    "ppwcs_score": 36,
    "stage_minus2": false,
    "stage_minus1": false,
    "stage_1g": false
  },
  {
    "symbol": "RSRUSDT",
    "timestamp": "2025-06-15T12:51:41.618483+00:00",
    "ppwcs_score": 21,
    "stage_minus2": false,
    "stage_minus1": false,
    "stage_1g": false
  },
  {
    "symbol": "SUNUSDT",
    "timestamp": "2025-06-15T12:51:41.647611+00:00",
    "ppwcs_score": 21,
    "stage_minus2": false,
    "stage_minus1": false,
    "stage_1g": false
  },
  {
    "symbol": "AGTUSDT",
    "timestamp": "2025-06-15T12:51:41.676574+00:00",
    "ppwcs_score": 21,
    "stage_minus2": false,
    "stage_minus1": false,
    "stage_1g": false
  },
  {
    "symbol": "KASUSDT",
    "timestamp": "2025-06-15T12:51:41.705578+00:00",
    "ppwcs_score": 21,
    "stage_minus2": false,
    "stage_minus1": false,
    "stage_1g": false
  },
  {
    "symbol": "MOODENGUSDT",
    "timestamp": "2025-06-15T12:51:41.734563+00:00",
    "ppwcs_score": 36,
    "stage_minus2": false,
    "stage_minus1": false,
    "stage_1g": false
  },
  {
    "symbol": "BLASTUSDT",
    "timestamp": "2025-06-15T12:51:41.780470+00:00",
    "ppwcs_score": 36,
    "stage_minus2": false,
    "stage_minus1": false,
    "stage_1g": false
  },
  {
    "symbol": "GMTUSDT",
    "timestamp": "2025-06-15T12:51:41.809546+00:00",
    "ppwcs_score": 21,
    "stage_minus2": false,
    "stage_minus1": false,
    "stage_1g": false
  },
  {
    "symbol": "GIGAUSDT",
    "timestamp": "2025-06-15T12:51:41.838614+00:00",
    "ppwcs_score": 36,
    "stage_minus2": false,
    "stage_minus1": false,
    "stage_1g": false
  },
  {
    "symbol": "GALAUSDT",
    "timestamp": "2025-06-15T12:51:41.867804+00:00",
    "ppwcs_score": 26,
    "stage_minus2": false,
    "stage_minus1": false,
    "stage_1g": false
  },
  {
    "symbol": "BRETTUSDT",
    "timestamp": "2025-06-15T12:51:41.897233+00:00",
    "ppwcs_score": 21,
    "stage_minus2": false,
    "stage_minus1": false,
    "stage_1g": false
  },
  {
    "symbol": "EPTUSDT",
    "timestamp": "2025-06-15T12:51:41.926390+00:00",
    "ppwcs_score": 21,
    "stage_minus2": false,
    "stage_minus1": false,
    "stage_1g": false
  },
  {
    "symbol": "ZKJUSDT",
    "timestamp": "2025-06-15T12:51:41.955652+00:00",
    "ppwcs_score": 21,
    "stage_minus2": false,
    "stage_minus1": false,
    "stage_1g": false
  },
  {
    "symbol": "GRTUSDT",
    "timestamp": "2025-06-15T12:51:41.984879+00:00",
    "ppwcs_score": 21,
    "stage_minus2": false,
    "stage_minus1": false,
    "stage_1g": false
  },
  {
    "symbol": "LEVERUSDT",
    "timestamp": "2025-06-15T12:51:42.014174+00:00",
    "ppwcs_score": 36,
    "stage_minus2": false,
    "stage_minus1": false,
    "stage_1g": false
  },
  {
    "symbol": "ORBSUSDT",
    "timestamp": "2025-06-15T12:51:42.043514+00:00",
    "ppwcs_score": 21,
    "stage_minus2": false,
    "stage_minus1": false,
    "stage_1g": false
  },
  {
    "symbol": "DENTUSDT",
    "timestamp": "2025-06-15T12:51:42.072492+00:00",
    "ppwcs_score": 21,
    "stage_minus2": false,
    "stage_minus1": false,
    "stage_1g": false
  },
  {
    "symbol": "HUMAUSDT",
    "timestamp": "2025-06-15T12:51:42.101630+00:00",
    "ppwcs_score": 21,
    "stage_minus2": false,
    "stage_minus1": false,
    "stage_1g": false
  },
  {
    "symbol": "SOPHUSDT",
    "timestamp": "2025-06-15T12:51:42.130926+00:00",
    "ppwcs_score": 21,
    "stage_minus2": false,
    "stage_minus1": false,
    "stage_1g": false
  },
  {
    "symbol": "COTIUSDT",
    "timestamp": "2025-06-15T12:51:42.160198+00:00",
    "ppwcs_score": 21,
    "stage_minus2": false,
    "stage_minus1": false,
    "stage_1g": false
  },
  {
    "symbol": "SLPUSDT",
    "timestamp": "2025-06-15T12:51:42.189689+00:00",
    "ppwcs_score": 21,
    "stage_minus2": false,
    "stage_minus1": false,
    "stage_1g": false
  },
  {
    "symbol": "HOMEUSDT",
    "timestamp": "2025-06-15T12:51:42.219004+00:00",
    "ppwcs_score": 21,
    "stage_minus2": false,
    "stage_minus1": false,
    "stage_1g": false
  },
  {
    "symbol": "ZENTUSDT",
    "timestamp": "2025-06-15T12:51:42.249187+00:00",
    "ppwcs_score": 21,
    "stage_minus2": false,
    "stage_minus1": false,
    "stage_1g": false
  },
  {
    "symbol": "ARPAUSDT",
    "timestamp": "2025-06-15T12:51:42.278655+00:00",
    "ppwcs_score": 21,
    "stage_minus2": false,
    "stage_minus1": false,
    "stage_1g": false
  },
  {
    "symbol": "OMUSDT",
    "timestamp": "2025-06-15T12:51:42.307967+00:00",
    "ppwcs_score": 21,
    "stage_minus2": false,
    "stage_minus1": false,
    "stage_1g": false
  },
  {
    "symbol": "PRAIUSDT",
    "timestamp": "2025-06-15T12:51:42.337407+00:00",
    "ppwcs_score": 21,
    "stage_minus2": false,
    "stage_minus1": false,
    "stage_1g": false
  },
  {
    "symbol": "XRPUSDT",
    "timestamp": "2025-06-15T12:51:42.366826+00:00",
    "ppwcs_score": 3,
    "stage_minus2": false,
    "stage_minus1": false,
    "stage_1g": false
  },
  {
    "symbol": "PUMPBTCUSDT",
    "timestamp": "2025-06-15T12:51:42.396261+00:00",
    "ppwcs_score": 21,
    "stage_minus2": false,
    "stage_minus1": false,
    "stage_1g": false
  },
  {
    "symbol": "USTCUSDT",
    "timestamp": "2025-06-15T12:51:42.425496+00:00",
    "ppwcs_score": 21,
    "stage_minus2": false,
    "stage_minus1": false,
    "stage_1g": false
  },
  {
    "symbol": "GPSUSDT",
    "timestamp": "2025-06-15T12:51:42.454835+00:00",
    "ppwcs_score": 21,
    "stage_minus2": false,
    "stage_minus1": false,
    "stage_1g": false
  },
  {
    "symbol": "BMTUSDT",
    "timestamp": "2025-06-15T12:51:42.484108+00:00",
    "ppwcs_score": 21,
    "stage_minus2": false,
    "stage_minus1": false,
    "stage_1g": false
  },
  {
    "symbol": "TUSDT",
    "timestamp": "2025-06-15T12:51:42.513760+00:00",
    "ppwcs_score": 21,
    "stage_minus2": false,
    "stage_minus1": false,
    "stage_1g": false
  },
  {
    "symbol": "HOTUSDT",
    "timestamp": "2025-06-15T12:51:42.542903+00:00",
    "ppwcs_score": 21,
    "stage_minus2": false,
    "stage_minus1": false,
    "stage_1g": false
  },
  {
    "symbol": "BEAMUSDT",
    "timestamp": "2025-06-15T12:51:42.572109+00:00",
    "ppwcs_score": 21,
    "stage_minus2": false,
    "stage_minus1": false,
    "stage_1g": false
  },
  {
    "symbol": "FUSDT",
    "timestamp": "2025-06-15T12:51:42.601335+00:00",
    "ppwcs_score": 21,
    "stage_minus2": false,
    "stage_minus1": false,
    "stage_1g": false
  },
  {
    "symbol": "SKATEUSDT",
    "timestamp": "2025-06-15T12:51:42.630714+00:00",
    "ppwcs_score": 21,
    "stage_minus2": false,
    "stage_minus1": false,
    "stage_1g": false
  },
  {
    "symbol": "SWEATUSDT",
    "timestamp": "2025-06-15T12:51:42.659991+00:00",
    "ppwcs_score": 21,
    "stage_minus2": false,
    "stage_minus1": false,
    "stage_1g": false
  },
  {
    "symbol": "ENAUSDT",
    "timestamp": "2025-06-15T12:51:42.689282+00:00",
    "ppwcs_score": 36,
    "stage_minus2": false,
    "stage_minus1": false,
    "stage_1g": false
  },
  {
    "symbol": "REZUSDT",
    "timestamp": "2025-06-15T12:51:42.718735+00:00",
    "ppwcs_score": 21,
    "stage_minus2": false,
    "stage_minus1": false,
    "stage_1g": false
  },
  {
    "symbol": "ZORAUSDT",
    "timestamp": "2025-06-15T12:51:42.747957+00:00",
    "ppwcs_score": 21,
    "stage_minus2": false,
    "stage_minus1": false,
    "stage_1g": false
  },
  {
    "symbol": "DOGUSDT",
    "timestamp": "2025-06-15T12:51:42.777123+00:00",
    "ppwcs_score": 21,
    "stage_minus2": false,
    "stage_minus1": false,
    "stage_1g": false
  },
  {
    "symbol": "SIGNUSDT",
    "timestamp": "2025-06-15T12:51:42.806303+00:00",
    "ppwcs_score": 36,
    "stage_minus2": false,
    "stage_minus1": false,
    "stage_1g": false
  },
  {
    "symbol": "SNTUSDT",
    "timestamp": "2025-06-15T12:58:41.041724+00:00",
    "ppwcs_score": 21,
    "stage_minus2": false,
    "stage_minus1": false,
    "stage_1g": false
  },
  {
    "symbol": "FUSDT",
    "timestamp": "2025-06-15T12:58:41.071186+00:00",
    "ppwcs_score": 21,
    "stage_minus2": false,
    "stage_minus1": false,
    "stage_1g": false
  },
  {
    "symbol": "SWEATUSDT",
    "timestamp": "2025-06-15T12:58:41.100564+00:00",
    "ppwcs_score": 21,
    "stage_minus2": false,
    "stage_minus1": false,
    "stage_1g": false
  },
  {
    "symbol": "GRTUSDT",
    "timestamp": "2025-06-15T12:58:41.130260+00:00",
    "ppwcs_score": 21,
    "stage_minus2": false,
    "stage_minus1": false,
    "stage_1g": false
  },
  {
    "symbol": "GIGAUSDT",
    "timestamp": "2025-06-15T12:58:41.159473+00:00",
    "ppwcs_score": 36,
    "stage_minus2": false,
    "stage_minus1": false,
    "stage_1g": false
  },
  {
    "symbol": "PRAIUSDT",
    "timestamp": "2025-06-15T12:58:41.188716+00:00",
    "ppwcs_score": 21,
    "stage_minus2": false,
    "stage_minus1": false,
    "stage_1g": false
  },
  {
    "symbol": "PUMPBTCUSDT",
    "timestamp": "2025-06-15T12:58:41.217838+00:00",
    "ppwcs_score": 21,
    "stage_minus2": false,
    "stage_minus1": false,
    "stage_1g": false
  },
  {
    "symbol": "SUNUSDT",
    "timestamp": "2025-06-15T12:58:41.247108+00:00",
    "ppwcs_score": 21,
    "stage_minus2": false,
    "stage_minus1": false,
    "stage_1g": false
  },
  {
    "symbol": "REZUSDT",
    "timestamp": "2025-06-15T12:58:41.276404+00:00",
    "ppwcs_score": 21,
    "stage_minus2": false,
    "stage_minus1": false,
    "stage_1g": false
  },
  {
    "symbol": "BRETTUSDT",
    "timestamp": "2025-06-15T12:58:41.305653+00:00",
    "ppwcs_score": 21,
    "stage_minus2": false,
    "stage_minus1": false,
    "stage_1g": false
  },
  {
    "symbol": "SLPUSDT",
    "timestamp": "2025-06-15T12:58:41.335565+00:00",
    "ppwcs_score": 21,
    "stage_minus2": false,
    "stage_minus1": false,
    "stage_1g": false
  },
  {
    "symbol": "HUMAUSDT",
    "timestamp": "2025-06-15T12:58:41.381807+00:00",
    "ppwcs_score": 21,
    "stage_minus2": false,
    "stage_minus1": false,
    "stage_1g": false
  },
  {
    "symbol": "ENAUSDT",
    "timestamp": "2025-06-15T12:58:41.411334+00:00",
    "ppwcs_score": 36,
    "stage_minus2": false,
    "stage_minus1": false,
    "stage_1g": false
  },
  {
    "symbol": "ZORAUSDT",
    "timestamp": "2025-06-15T12:58:41.440824+00:00",
    "ppwcs_score": 21,
    "stage_minus2": false,
    "stage_minus1": false,
    "stage_1g": false
  },
  {
    "symbol": "ZKJUSDT",
    "timestamp": "2025-06-15T12:58:41.470462+00:00",
    "ppwcs_score": 21,
    "stage_minus2": false,
    "stage_minus1": false,
    "stage_1g": false
  },
  {
    "symbol": "HOTUSDT",
    "timestamp": "2025-06-15T12:58:41.500790+00:00",
    "ppwcs_score": 21,
    "stage_minus2": false,
    "stage_minus1": false,
    "stage_1g": false
  },
  {
    "symbol": "GMTUSDT",
    "timestamp": "2025-06-15T12:58:41.530361+00:00",
    "ppwcs_score": 21,
    "stage_minus2": false,
    "stage_minus1": false,
    "stage_1g": false
  },
  {
    "symbol": "RSRUSDT",
    "timestamp": "2025-06-15T12:58:41.559637+00:00",
    "ppwcs_score": 21,
    "stage_minus2": false,
    "stage_minus1": false,
    "stage_1g": false
  },
  {
    "symbol": "BMTUSDT",
    "timestamp": "2025-06-15T12:58:41.588984+00:00",
    "ppwcs_score": 21,
    "stage_minus2": false,
    "stage_minus1": false,
    "stage_1g": false
  },
  {
    "symbol": "HOMEUSDT",
    "timestamp": "2025-06-15T12:58:41.618235+00:00",
    "ppwcs_score": 21,
    "stage_minus2": false,
    "stage_minus1": false,
    "stage_1g": false
  },
  {
    "symbol": "MOODENGUSDT",
    "timestamp": "2025-06-15T12:58:41.647642+00:00",
    "ppwcs_score": 36,
    "stage_minus2": false,
    "stage_minus1": false,
    "stage_1g": false
  },
  {
    "symbol": "KASUSDT",
    "timestamp": "2025-06-15T12:58:41.677080+00:00",
    "ppwcs_score": 21,
    "stage_minus2": false,
    "stage_minus1": false,
    "stage_1g": false
  },
  {
    "symbol": "TUSDT",
    "timestamp": "2025-06-15T12:58:41.706413+00:00",
    "ppwcs_score": 21,
    "stage_minus2": false,
    "stage_minus1": false,
    "stage_1g": false
  },
  {
    "symbol": "LEVERUSDT",
    "timestamp": "2025-06-15T12:58:41.735566+00:00",
    "ppwcs_score": 36,
    "stage_minus2": false,
    "stage_minus1": false,
    "stage_1g": false
  },
  {
    "symbol": "GPSUSDT",
    "timestamp": "2025-06-15T12:58:41.764991+00:00",
    "ppwcs_score": 21,
    "stage_minus2": false,
    "stage_minus1": false,
    "stage_1g": false
  },
  {
    "symbol": "ARPAUSDT",
    "timestamp": "2025-06-15T12:58:41.794503+00:00",
    "ppwcs_score": 21,
    "stage_minus2": false,
    "stage_minus1": false,
    "stage_1g": false
  },
  {
    "symbol": "GALAUSDT",
    "timestamp": "2025-06-15T12:58:41.823935+00:00",
    "ppwcs_score": 26,
    "stage_minus2": false,
    "stage_minus1": false,
    "stage_1g": false
  },
  {
    "symbol": "JASMYUSDT",
    "timestamp": "2025-06-15T12:58:41.853242+00:00",
    "ppwcs_score": 21,
    "stage_minus2": false,
    "stage_minus1": false,
    "stage_1g": false
  },
  {
    "symbol": "USTCUSDT",
    "timestamp": "2025-06-15T12:58:41.882621+00:00",
    "ppwcs_score": 21,
    "stage_minus2": false,
    "stage_minus1": false,
    "stage_1g": false
  },
  {
    "symbol": "THEUSDT",
    "timestamp": "2025-06-15T12:58:41.911817+00:00",
    "ppwcs_score": 21,
    "stage_minus2": false,
    "stage_minus1": false,
    "stage_1g": false
  },
  {
    "symbol": "XRPUSDT",
    "timestamp": "2025-06-15T12:58:41.941297+00:00",
    "ppwcs_score": 3,
    "stage_minus2": false,
    "stage_minus1": false,
    "stage_1g": false
  },
  {
    "symbol": "SIGNUSDT",
    "timestamp": "2025-06-15T12:58:41.970537+00:00",
    "ppwcs_score": 36,
    "stage_minus2": false,
    "stage_minus1": false,
    "stage_1g": false
  },
  {
    "symbol": "EPTUSDT",
    "timestamp": "2025-06-15T12:58:42.000001+00:00",
    "ppwcs_score": 21,
    "stage_minus2": false,
    "stage_minus1": false,
    "stage_1g": false
  },
  {
    "symbol": "AGTUSDT",
    "timestamp": "2025-06-15T12:58:42.029434+00:00",
    "ppwcs_score": 21,
    "stage_minus2": false,
    "stage_minus1": false,
    "stage_1g": false
  },
  {
    "symbol": "FLOCKUSDT",
    "timestamp": "2025-06-15T12:58:42.058826+00:00",
    "ppwcs_score": 36,
    "stage_minus2": false,
    "stage_minus1": false,
    "stage_1g": false
  },
  {
    "symbol": "ZENTUSDT",
    "timestamp": "2025-06-15T12:58:42.088260+00:00",
    "ppwcs_score": 21,
    "stage_minus2": false,
    "stage_minus1": false,
    "stage_1g": false
  },
  {
    "symbol": "OMUSDT",
    "timestamp": "2025-06-15T12:58:42.117510+00:00",
    "ppwcs_score": 21,
    "stage_minus2": false,
    "stage_minus1": false,
    "stage_1g": false
  },
  {
    "symbol": "DOGUSDT",
    "timestamp": "2025-06-15T12:58:42.146878+00:00",
    "ppwcs_score": 21,
    "stage_minus2": false,
    "stage_minus1": false,
    "stage_1g": false
  },
  {
    "symbol": "ORBSUSDT",
    "timestamp": "2025-06-15T12:58:42.176092+00:00",
    "ppwcs_score": 21,
    "stage_minus2": false,
    "stage_minus1": false,
    "stage_1g": false
  },
  {
    "symbol": "SOPHUSDT",
    "timestamp": "2025-06-15T12:58:42.205836+00:00",
    "ppwcs_score": 21,
    "stage_minus2": false,
    "stage_minus1": false,
    "stage_1g": false
  },
  {
    "symbol": "SKATEUSDT",
    "timestamp": "2025-06-15T12:58:42.235064+00:00",
    "ppwcs_score": 21,
    "stage_minus2": false,
    "stage_minus1": false,
    "stage_1g": false
  },
  {
    "symbol": "BDXNUSDT",
    "timestamp": "2025-06-15T12:58:42.264856+00:00",
    "ppwcs_score": 21,
    "stage_minus2": false,
    "stage_minus1": false,
    "stage_1g": false
  },
  {
    "symbol": "DENTUSDT",
    "timestamp": "2025-06-15T12:58:42.294184+00:00",
    "ppwcs_score": 21,
    "stage_minus2": false,
    "stage_minus1": false,
    "stage_1g": false
  },
  {
    "symbol": "BEAMUSDT",
    "timestamp": "2025-06-15T12:58:42.323712+00:00",
    "ppwcs_score": 21,
    "stage_minus2": false,
    "stage_minus1": false,
    "stage_1g": false
  },
  {
    "symbol": "COTIUSDT",
    "timestamp": "2025-06-15T12:58:42.353199+00:00",
    "ppwcs_score": 21,
    "stage_minus2": false,
    "stage_minus1": false,
    "stage_1g": false
  },
  {
    "symbol": "CHILLGUYUSDT",
    "timestamp": "2025-06-15T12:58:42.383206+00:00",
    "ppwcs_score": 36,
    "stage_minus2": false,
    "stage_minus1": false,
    "stage_1g": false
  },
  {
    "symbol": "BLASTUSDT",
    "timestamp": "2025-06-15T12:58:42.412599+00:00",
    "ppwcs_score": 36,
    "stage_minus2": false,
    "stage_minus1": false,
    "stage_1g": false
  },
  {
    "symbol": "OMUSDT",
    "timestamp": "2025-06-15T13:32:10.675987+00:00",
    "ppwcs_score": 21,
    "stage_minus2": false,
    "stage_minus1": false,
    "stage_1g": false
  },
  {
    "symbol": "SYRUPUSDT",
    "timestamp": "2025-06-15T13:32:10.705690+00:00",
    "ppwcs_score": 21,
    "stage_minus2": false,
    "stage_minus1": false,
    "stage_1g": false
  },
  {
    "symbol": "RSRUSDT",
    "timestamp": "2025-06-15T13:32:10.735234+00:00",
    "ppwcs_score": 21,
    "stage_minus2": false,
    "stage_minus1": false,
    "stage_1g": false
  },
  {
    "symbol": "CELRUSDT",
    "timestamp": "2025-06-15T13:32:10.764830+00:00",
    "ppwcs_score": 21,
    "stage_minus2": false,
    "stage_minus1": false,
    "stage_1g": false
  },
  {
    "symbol": "FUSDT",
    "timestamp": "2025-06-15T13:32:10.795099+00:00",
    "ppwcs_score": 21,
    "stage_minus2": false,
    "stage_minus1": false,
    "stage_1g": false
  },
  {
    "symbol": "POLUSDT",
    "timestamp": "2025-06-15T13:32:10.824737+00:00",
    "ppwcs_score": 21,
    "stage_minus2": false,
    "stage_minus1": false,
    "stage_1g": false
  },
  {
    "symbol": "MAVIAUSDT",
    "timestamp": "2025-06-15T13:32:10.854365+00:00",
    "ppwcs_score": 21,
    "stage_minus2": false,
    "stage_minus1": false,
    "stage_1g": false
  },
  {
    "symbol": "RAREUSDT",
    "timestamp": "2025-06-15T13:32:10.883847+00:00",
    "ppwcs_score": 21,
    "stage_minus2": false,
    "stage_minus1": false,
    "stage_1g": false
  },
  {
    "symbol": "ORBSUSDT",
    "timestamp": "2025-06-15T13:32:10.913610+00:00",
    "ppwcs_score": 21,
    "stage_minus2": false,
    "stage_minus1": false,
    "stage_1g": false
  },
  {
    "symbol": "SKATEUSDT",
    "timestamp": "2025-06-15T13:32:10.943325+00:00",
    "ppwcs_score": 21,
    "stage_minus2": false,
    "stage_minus1": false,
    "stage_1g": false
  },
  {
    "symbol": "KASUSDT",
    "timestamp": "2025-06-15T13:32:10.973095+00:00",
    "ppwcs_score": 21,
    "stage_minus2": false,
    "stage_minus1": false,
    "stage_1g": false
  },
  {
    "symbol": "GALAUSDT",
    "timestamp": "2025-06-15T13:32:11.002802+00:00",
    "ppwcs_score": 26,
    "stage_minus2": false,
    "stage_minus1": false,
    "stage_1g": false
  },
  {
    "symbol": "WLDUSDT",
    "timestamp": "2025-06-15T13:32:11.032483+00:00",
    "ppwcs_score": 21,
    "stage_minus2": false,
    "stage_minus1": false,
    "stage_1g": false
  },
  {
    "symbol": "BMTUSDT",
    "timestamp": "2025-06-15T13:32:11.062180+00:00",
    "ppwcs_score": 21,
    "stage_minus2": false,
    "stage_minus1": false,
    "stage_1g": false
  },
  {
    "symbol": "ENJUSDT",
    "timestamp": "2025-06-15T13:32:11.091689+00:00",
    "ppwcs_score": 21,
    "stage_minus2": false,
    "stage_minus1": false,
    "stage_1g": false
  },
  {
    "symbol": "PLUMEUSDT",
    "timestamp": "2025-06-15T13:32:11.120945+00:00",
    "ppwcs_score": 21,
    "stage_minus2": false,
    "stage_minus1": false,
    "stage_1g": false
  },
  {
    "symbol": "LAUSDT",
    "timestamp": "2025-06-15T13:32:11.150926+00:00",
    "ppwcs_score": 21,
    "stage_minus2": false,
    "stage_minus1": false,
    "stage_1g": false
  },
  {
    "symbol": "JASMYUSDT",
    "timestamp": "2025-06-15T13:32:11.181025+00:00",
    "ppwcs_score": 21,
    "stage_minus2": false,
    "stage_minus1": false,
    "stage_1g": false
  },
  {
    "symbol": "USTCUSDT",
    "timestamp": "2025-06-15T13:32:11.211332+00:00",
    "ppwcs_score": 21,
    "stage_minus2": false,
    "stage_minus1": false,
    "stage_1g": false
  },
  {
    "symbol": "ETHFIUSDT",
    "timestamp": "2025-06-15T13:32:11.242110+00:00",
    "ppwcs_score": 26,
    "stage_minus2": false,
    "stage_minus1": false,
    "stage_1g": false
  },
  {
    "symbol": "XRPUSDT",
    "timestamp": "2025-06-15T13:32:11.271776+00:00",
    "ppwcs_score": 3,
    "stage_minus2": false,
    "stage_minus1": false,
    "stage_1g": false
  },
  {
    "symbol": "AGTUSDT",
    "timestamp": "2025-06-15T13:32:11.301401+00:00",
    "ppwcs_score": 21,
    "stage_minus2": false,
    "stage_minus1": false,
    "stage_1g": false
  },
  {
    "symbol": "SPXUSDT",
    "timestamp": "2025-06-15T13:32:11.331254+00:00",
    "ppwcs_score": 36,
    "stage_minus2": false,
    "stage_minus1": false,
    "stage_1g": false
  },
  {
    "symbol": "SOLVUSDT",
    "timestamp": "2025-06-15T13:32:11.360954+00:00",
    "ppwcs_score": 21,
    "stage_minus2": false,
    "stage_minus1": false,
    "stage_1g": false
  },
  {
    "symbol": "DOGUSDT",
    "timestamp": "2025-06-15T13:32:11.390527+00:00",
    "ppwcs_score": 21,
    "stage_minus2": false,
    "stage_minus1": false,
    "stage_1g": false
  },
  {
    "symbol": "DENTUSDT",
    "timestamp": "2025-06-15T13:32:11.420292+00:00",
    "ppwcs_score": 21,
    "stage_minus2": false,
    "stage_minus1": false,
    "stage_1g": false
  },
  {
    "symbol": "TIAUSDT",
    "timestamp": "2025-06-15T13:32:11.450052+00:00",
    "ppwcs_score": 21,
    "stage_minus2": false,
    "stage_minus1": false,
    "stage_1g": false
  },
  {
    "symbol": "AEVOUSDT",
    "timestamp": "2025-06-15T13:32:11.479727+00:00",
    "ppwcs_score": 21,
    "stage_minus2": false,
    "stage_minus1": false,
    "stage_1g": false
  },
  {
    "symbol": "REZUSDT",
    "timestamp": "2025-06-15T13:32:11.509466+00:00",
    "ppwcs_score": 21,
    "stage_minus2": false,
    "stage_minus1": false,
    "stage_1g": false
  },
  {
    "symbol": "OGNUSDT",
    "timestamp": "2025-06-15T13:32:11.539206+00:00",
    "ppwcs_score": 21,
    "stage_minus2": false,
    "stage_minus1": false,
    "stage_1g": false
  },
  {
    "symbol": "GUSDT",
    "timestamp": "2025-06-15T13:32:11.569042+00:00",
    "ppwcs_score": 21,
    "stage_minus2": false,
    "stage_minus1": false,
    "stage_1g": false
  },
  {
    "symbol": "THEUSDT",
    "timestamp": "2025-06-15T13:32:11.598559+00:00",
    "ppwcs_score": 21,
    "stage_minus2": false,
    "stage_minus1": false,
    "stage_1g": false
  },
  {
    "symbol": "GRTUSDT",
    "timestamp": "2025-06-15T13:32:11.628067+00:00",
    "ppwcs_score": 21,
    "stage_minus2": false,
    "stage_minus1": false,
    "stage_1g": false
  },
  {
    "symbol": "ONDOUSDT",
    "timestamp": "2025-06-15T13:32:11.657684+00:00",
    "ppwcs_score": 26,
    "stage_minus2": false,
    "stage_minus1": false,
    "stage_1g": false
  },
  {
    "symbol": "BANANAS31USDT",
    "timestamp": "2025-06-15T13:32:11.687475+00:00",
    "ppwcs_score": 21,
    "stage_minus2": false,
    "stage_minus1": false,
    "stage_1g": false
  },
  {
    "symbol": "BSWUSDT",
    "timestamp": "2025-06-15T13:32:11.717047+00:00",
    "ppwcs_score": 21,
    "stage_minus2": false,
    "stage_minus1": false,
    "stage_1g": false
  },
  {
    "symbol": "FLOCKUSDT",
    "timestamp": "2025-06-15T13:32:11.746758+00:00",
    "ppwcs_score": 36,
    "stage_minus2": false,
    "stage_minus1": false,
    "stage_1g": false
  },
  {
    "symbol": "SNTUSDT",
    "timestamp": "2025-06-15T13:32:11.776474+00:00",
    "ppwcs_score": 21,
    "stage_minus2": false,
    "stage_minus1": false,
    "stage_1g": false
  },
  {
    "symbol": "EPTUSDT",
    "timestamp": "2025-06-15T13:32:11.806853+00:00",
    "ppwcs_score": 21,
    "stage_minus2": false,
    "stage_minus1": false,
    "stage_1g": false
  },
  {
    "symbol": "SQDUSDT",
    "timestamp": "2025-06-15T13:32:11.836712+00:00",
    "ppwcs_score": 21,
    "stage_minus2": false,
    "stage_minus1": false,
    "stage_1g": false
  },
  {
    "symbol": "BDXNUSDT",
    "timestamp": "2025-06-15T13:32:11.866520+00:00",
    "ppwcs_score": 21,
    "stage_minus2": false,
    "stage_minus1": false,
    "stage_1g": false
  },
  {
    "symbol": "XCNUSDT",
    "timestamp": "2025-06-15T13:32:11.896111+00:00",
    "ppwcs_score": 21,
    "stage_minus2": false,
    "stage_minus1": false,
    "stage_1g": false
  },
  {
    "symbol": "MERLUSDT",
    "timestamp": "2025-06-15T13:32:11.925874+00:00",
    "ppwcs_score": 21,
    "stage_minus2": false,
    "stage_minus1": false,
    "stage_1g": false
  },
  {
    "symbol": "LEVERUSDT",
    "timestamp": "2025-06-15T13:32:11.955535+00:00",
    "ppwcs_score": 36,
    "stage_minus2": false,
    "stage_minus1": false,
    "stage_1g": false
  },
  {
    "symbol": "BROCCOLIUSDT",
    "timestamp": "2025-06-15T13:32:11.985359+00:00",
    "ppwcs_score": 21,
    "stage_minus2": false,
    "stage_minus1": false,
    "stage_1g": false
  },
  {
    "symbol": "HAEDALUSDT",
    "timestamp": "2025-06-15T13:32:12.015733+00:00",
    "ppwcs_score": 21,
    "stage_minus2": false,
    "stage_minus1": false,
    "stage_1g": false
  },
  {
    "symbol": "GPSUSDT",
    "timestamp": "2025-06-15T13:32:12.045426+00:00",
    "ppwcs_score": 21,
    "stage_minus2": false,
    "stage_minus1": false,
    "stage_1g": false
  },
  {
    "symbol": "WCTUSDT",
    "timestamp": "2025-06-15T13:32:12.075343+00:00",
    "ppwcs_score": 21,
    "stage_minus2": false,
    "stage_minus1": false,
    "stage_1g": false
  },
  {
    "symbol": "PRAIUSDT",
    "timestamp": "2025-06-15T13:32:12.105236+00:00",
    "ppwcs_score": 21,
    "stage_minus2": false,
    "stage_minus1": false,
    "stage_1g": false
  },
  {
    "symbol": "TOKENUSDT",
    "timestamp": "2025-06-15T13:32:12.135132+00:00",
    "ppwcs_score": 21,
    "stage_minus2": false,
    "stage_minus1": false,
    "stage_1g": false
  },
  {
    "symbol": "MOVEUSDT",
    "timestamp": "2025-06-15T13:32:12.164807+00:00",
    "ppwcs_score": 21,
    "stage_minus2": false,
    "stage_minus1": false,
    "stage_1g": false
  },
  {
    "symbol": "L3USDT",
    "timestamp": "2025-06-15T13:32:12.194847+00:00",
    "ppwcs_score": 21,
    "stage_minus2": false,
    "stage_minus1": false,
    "stage_1g": false
  },
  {
    "symbol": "BIGTIMEUSDT",
    "timestamp": "2025-06-15T13:32:12.224671+00:00",
    "ppwcs_score": 21,
    "stage_minus2": false,
    "stage_minus1": false,
    "stage_1g": false
  },
  {
    "symbol": "COOKUSDT",
    "timestamp": "2025-06-15T13:32:12.254424+00:00",
    "ppwcs_score": 21,
    "stage_minus2": false,
    "stage_minus1": false,
    "stage_1g": false
  },
  {
    "symbol": "WAXPUSDT",
    "timestamp": "2025-06-15T13:32:12.284187+00:00",
    "ppwcs_score": 21,
    "stage_minus2": false,
    "stage_minus1": false,
    "stage_1g": false
  },
  {
    "symbol": "BUSDT",
    "timestamp": "2025-06-15T13:32:12.313712+00:00",
    "ppwcs_score": 21,
    "stage_minus2": false,
    "stage_minus1": false,
    "stage_1g": false
  },
  {
    "symbol": "CRVUSDT",
    "timestamp": "2025-06-15T13:32:12.343270+00:00",
    "ppwcs_score": 21,
    "stage_minus2": false,
    "stage_minus1": false,
    "stage_1g": false
  },
  {
    "symbol": "ARPAUSDT",
    "timestamp": "2025-06-15T13:32:12.373264+00:00",
    "ppwcs_score": 21,
    "stage_minus2": false,
    "stage_minus1": false,
    "stage_1g": false
  },
  {
    "symbol": "ZRCUSDT",
    "timestamp": "2025-06-15T13:32:12.403128+00:00",
    "ppwcs_score": 21,
    "stage_minus2": false,
    "stage_minus1": false,
    "stage_1g": false
  },
  {
    "symbol": "BEAMUSDT",
    "timestamp": "2025-06-15T13:32:12.432973+00:00",
    "ppwcs_score": 21,
    "stage_minus2": false,
    "stage_minus1": false,
    "stage_1g": false
  },
  {
    "symbol": "MOODENGUSDT",
    "timestamp": "2025-06-15T13:32:12.462704+00:00",
    "ppwcs_score": 36,
    "stage_minus2": false,
    "stage_minus1": false,
    "stage_1g": false
  },
  {
    "symbol": "OBTUSDT",
    "timestamp": "2025-06-15T13:32:12.492280+00:00",
    "ppwcs_score": 21,
    "stage_minus2": false,
    "stage_minus1": false,
    "stage_1g": false
  },
  {
    "symbol": "STRKUSDT",
    "timestamp": "2025-06-15T13:32:12.521923+00:00",
    "ppwcs_score": 21,
    "stage_minus2": false,
    "stage_minus1": false,
    "stage_1g": false
  },
  {
    "symbol": "TRXUSDT",
    "timestamp": "2025-06-15T13:32:12.551636+00:00",
    "ppwcs_score": 21,
    "stage_minus2": false,
    "stage_minus1": false,
    "stage_1g": false
  },
  {
    "symbol": "BLURUSDT",
    "timestamp": "2025-06-15T13:32:12.581684+00:00",
    "ppwcs_score": 21,
    "stage_minus2": false,
    "stage_minus1": false,
    "stage_1g": false
  },
  {
    "symbol": "TAIUSDT",
    "timestamp": "2025-06-15T13:32:12.611752+00:00",
    "ppwcs_score": 21,
    "stage_minus2": false,
    "stage_minus1": false,
    "stage_1g": false
  },
  {
    "symbol": "AERGOUSDT",
    "timestamp": "2025-06-15T13:32:12.641709+00:00",
    "ppwcs_score": 26,
    "stage_minus2": false,
    "stage_minus1": false,
    "stage_1g": false
  },
  {
    "symbol": "WUSDT",
    "timestamp": "2025-06-15T13:32:12.671479+00:00",
    "ppwcs_score": 21,
    "stage_minus2": false,
    "stage_minus1": false,
    "stage_1g": false
  },
  {
    "symbol": "HUMAUSDT",
    "timestamp": "2025-06-15T13:32:12.701298+00:00",
    "ppwcs_score": 21,
    "stage_minus2": false,
    "stage_minus1": false,
    "stage_1g": false
  },
  {
    "symbol": "PORTALUSDT",
    "timestamp": "2025-06-15T13:32:12.731148+00:00",
    "ppwcs_score": 21,
    "stage_minus2": false,
    "stage_minus1": false,
    "stage_1g": false
  },
  {
    "symbol": "NEARUSDT",
    "timestamp": "2025-06-15T13:32:12.760807+00:00",
    "ppwcs_score": 21,
    "stage_minus2": false,
    "stage_minus1": false,
    "stage_1g": false
  },
  {
    "symbol": "DBRUSDT",
    "timestamp": "2025-06-15T13:32:12.790719+00:00",
    "ppwcs_score": 21,
    "stage_minus2": false,
    "stage_minus1": false,
    "stage_1g": false
  },
  {
    "symbol": "CUDISUSDT",
    "timestamp": "2025-06-15T13:32:12.820377+00:00",
    "ppwcs_score": 21,
    "stage_minus2": false,
    "stage_minus1": false,
    "stage_1g": false
  },
  {
    "symbol": "SXTUSDT",
    "timestamp": "2025-06-15T13:32:12.850267+00:00",
    "ppwcs_score": 21,
    "stage_minus2": false,
    "stage_minus1": false,
    "stage_1g": false
  },
  {
    "symbol": "PARTIUSDT",
    "timestamp": "2025-06-15T13:32:12.880283+00:00",
    "ppwcs_score": 21,
    "stage_minus2": false,
    "stage_minus1": false,
    "stage_1g": false
  },
  {
    "symbol": "SUNDOGUSDT",
    "timestamp": "2025-06-15T13:32:12.910223+00:00",
    "ppwcs_score": 21,
    "stage_minus2": false,
    "stage_minus1": false,
    "stage_1g": false
  },
  {
    "symbol": "B2USDT",
    "timestamp": "2025-06-15T13:32:12.939883+00:00",
    "ppwcs_score": 21,
    "stage_minus2": false,
    "stage_minus1": false,
    "stage_1g": false
  },
  {
    "symbol": "ANKRUSDT",
    "timestamp": "2025-06-15T13:32:12.969535+00:00",
    "ppwcs_score": 21,
    "stage_minus2": false,
    "stage_minus1": false,
    "stage_1g": false
  },
  {
    "symbol": "CTSIUSDT",
    "timestamp": "2025-06-15T13:32:12.999327+00:00",
    "ppwcs_score": 21,
    "stage_minus2": false,
    "stage_minus1": false,
    "stage_1g": false
  },
  {
    "symbol": "SLPUSDT",
    "timestamp": "2025-06-15T13:32:13.029329+00:00",
    "ppwcs_score": 21,
    "stage_minus2": false,
    "stage_minus1": false,
    "stage_1g": false
  },
  {
    "symbol": "ALUUSDT",
    "timestamp": "2025-06-15T13:32:13.059452+00:00",
    "ppwcs_score": 21,
    "stage_minus2": false,
    "stage_minus1": false,
    "stage_1g": false
  },
  {
    "symbol": "ZENTUSDT",
    "timestamp": "2025-06-15T13:32:13.090636+00:00",
    "ppwcs_score": 21,
    "stage_minus2": false,
    "stage_minus1": false,
    "stage_1g": false
  },
  {
    "symbol": "SIGNUSDT",
    "timestamp": "2025-06-15T13:32:13.120658+00:00",
    "ppwcs_score": 36,
    "stage_minus2": false,
    "stage_minus1": false,
    "stage_1g": false
  },
  {
    "symbol": "BRETTUSDT",
    "timestamp": "2025-06-15T13:32:13.150569+00:00",
    "ppwcs_score": 21,
    "stage_minus2": false,
    "stage_minus1": false,
    "stage_1g": false
  },
  {
    "symbol": "SWEATUSDT",
    "timestamp": "2025-06-15T13:32:13.180511+00:00",
    "ppwcs_score": 21,
    "stage_minus2": false,
    "stage_minus1": false,
    "stage_1g": false
  },
  {
    "symbol": "ORDERUSDT",
    "timestamp": "2025-06-15T13:32:13.210675+00:00",
    "ppwcs_score": 21,
    "stage_minus2": false,
    "stage_minus1": false,
    "stage_1g": false
  },
  {
    "symbol": "CHILLGUYUSDT",
    "timestamp": "2025-06-15T13:32:13.240453+00:00",
    "ppwcs_score": 36,
    "stage_minus2": false,
    "stage_minus1": false,
    "stage_1g": false
  },
  {
    "symbol": "SOPHUSDT",
    "timestamp": "2025-06-15T13:32:13.270479+00:00",
    "ppwcs_score": 21,
    "stage_minus2": false,
    "stage_minus1": false,
    "stage_1g": false
  },
  {
    "symbol": "BIOUSDT",
    "timestamp": "2025-06-15T13:32:13.300319+00:00",
    "ppwcs_score": 21,
    "stage_minus2": false,
    "stage_minus1": false,
    "stage_1g": false
  },
  {
    "symbol": "AXLUSDT",
    "timestamp": "2025-06-15T13:32:13.330756+00:00",
    "ppwcs_score": 21,
    "stage_minus2": false,
    "stage_minus1": false,
    "stage_1g": false
  },
  {
    "symbol": "XAIUSDT",
    "timestamp": "2025-06-15T13:32:13.360418+00:00",
    "ppwcs_score": 21,
    "stage_minus2": false,
    "stage_minus1": false,
    "stage_1g": false
  },
  {
    "symbol": "EIGENUSDT",
    "timestamp": "2025-06-15T13:32:13.390313+00:00",
    "ppwcs_score": 21,
    "stage_minus2": false,
    "stage_minus1": false,
    "stage_1g": false
  },
  {
    "symbol": "ENAUSDT",
    "timestamp": "2025-06-15T13:32:13.420295+00:00",
    "ppwcs_score": 36,
    "stage_minus2": false,
    "stage_minus1": false,
    "stage_1g": false
  },
  {
    "symbol": "ZORAUSDT",
    "timestamp": "2025-06-15T13:32:13.450070+00:00",
    "ppwcs_score": 21,
    "stage_minus2": false,
    "stage_minus1": false,
    "stage_1g": false
  },
  {
    "symbol": "TUTUSDT",
    "timestamp": "2025-06-15T13:32:13.479934+00:00",
    "ppwcs_score": 21,
    "stage_minus2": false,
    "stage_minus1": false,
    "stage_1g": false
  },
  {
    "symbol": "HFTUSDT",
    "timestamp": "2025-06-15T13:32:13.509844+00:00",
    "ppwcs_score": 21,
    "stage_minus2": false,
    "stage_minus1": false,
    "stage_1g": false
  },
  {
    "symbol": "ACHUSDT",
    "timestamp": "2025-06-15T13:32:13.539727+00:00",
    "ppwcs_score": 36,
    "stage_minus2": false,
    "stage_minus1": false,
    "stage_1g": false
  },
  {
    "symbol": "LOOKSUSDT",
    "timestamp": "2025-06-15T13:32:13.569577+00:00",
    "ppwcs_score": 21,
    "stage_minus2": false,
    "stage_minus1": false,
    "stage_1g": false
  },
  {
    "symbol": "BLASTUSDT",
    "timestamp": "2025-06-15T13:32:13.599701+00:00",
    "ppwcs_score": 36,
    "stage_minus2": false,
    "stage_minus1": false,
    "stage_1g": false
  },
  {
    "symbol": "KOMAUSDT",
    "timestamp": "2025-06-15T13:32:13.629975+00:00",
    "ppwcs_score": 21,
    "stage_minus2": false,
    "stage_minus1": false,
    "stage_1g": false
  },
  {
    "symbol": "COTIUSDT",
    "timestamp": "2025-06-15T13:32:13.659835+00:00",
    "ppwcs_score": 21,
    "stage_minus2": false,
    "stage_minus1": false,
    "stage_1g": false
  },
  {
    "symbol": "FUELUSDT",
    "timestamp": "2025-06-15T13:32:13.689941+00:00",
    "ppwcs_score": 21,
    "stage_minus2": false,
    "stage_minus1": false,
    "stage_1g": false
  },
  {
    "symbol": "SKYAIUSDT",
    "timestamp": "2025-06-15T13:32:13.720131+00:00",
    "ppwcs_score": 21,
    "stage_minus2": false,
    "stage_minus1": false,
    "stage_1g": false
  },
  {
    "symbol": "HOTUSDT",
    "timestamp": "2025-06-15T13:32:13.750220+00:00",
    "ppwcs_score": 21,
    "stage_minus2": false,
    "stage_minus1": false,
    "stage_1g": false
  },
  {
    "symbol": "TLMUSDT",
    "timestamp": "2025-06-15T13:32:13.780283+00:00",
    "ppwcs_score": 21,
    "stage_minus2": false,
    "stage_minus1": false,
    "stage_1g": false
  },
  {
    "symbol": "PUMPBTCUSDT",
    "timestamp": "2025-06-15T13:32:13.810274+00:00",
    "ppwcs_score": 21,
    "stage_minus2": false,
    "stage_minus1": false,
    "stage_1g": false
  },
  {
    "symbol": "TAIKOUSDT",
    "timestamp": "2025-06-15T13:32:13.840245+00:00",
    "ppwcs_score": 21,
    "stage_minus2": false,
    "stage_minus1": false,
    "stage_1g": false
  },
  {
    "symbol": "SOONUSDT",
    "timestamp": "2025-06-15T13:32:13.870256+00:00",
    "ppwcs_score": 21,
    "stage_minus2": false,
    "stage_minus1": false,
    "stage_1g": false
  },
  {
    "symbol": "VELOUSDT",
    "timestamp": "2025-06-15T13:32:13.900186+00:00",
    "ppwcs_score": 21,
    "stage_minus2": false,
    "stage_minus1": false,
    "stage_1g": false
  },
  {
    "symbol": "HOMEUSDT",
    "timestamp": "2025-06-15T13:32:13.929987+00:00",
    "ppwcs_score": 21,
    "stage_minus2": false,
    "stage_minus1": false,
    "stage_1g": false
  },
  {
    "symbol": "GIGAUSDT",
    "timestamp": "2025-06-15T13:32:13.959935+00:00",
    "ppwcs_score": 36,
    "stage_minus2": false,
    "stage_minus1": false,
    "stage_1g": false
  },
  {
    "symbol": "RSS3USDT",
    "timestamp": "2025-06-15T13:32:13.989770+00:00",
    "ppwcs_score": 21,
    "stage_minus2": false,
    "stage_minus1": false,
    "stage_1g": false
  },
  {
    "symbol": "GMTUSDT",
    "timestamp": "2025-06-15T13:32:14.019766+00:00",
    "ppwcs_score": 21,
    "stage_minus2": false,
    "stage_minus1": false,
    "stage_1g": false
  },
  {
    "symbol": "HYPERUSDT",
    "timestamp": "2025-06-15T13:32:14.049825+00:00",
    "ppwcs_score": 21,
    "stage_minus2": false,
    "stage_minus1": false,
    "stage_1g": false
  },
  {
    "symbol": "MVLUSDT",
    "timestamp": "2025-06-15T13:32:14.079770+00:00",
    "ppwcs_score": 21,
    "stage_minus2": false,
    "stage_minus1": false,
    "stage_1g": false
  },
  {
    "symbol": "TUSDT",
    "timestamp": "2025-06-15T13:32:14.109496+00:00",
    "ppwcs_score": 21,
    "stage_minus2": false,
    "stage_minus1": false,
    "stage_1g": false
  },
  {
    "symbol": "CHZUSDT",
    "timestamp": "2025-06-15T13:32:14.139370+00:00",
    "ppwcs_score": 26,
    "stage_minus2": false,
    "stage_minus1": false,
    "stage_1g": false
  },
  {
    "symbol": "VIRTUALUSDT",
    "timestamp": "2025-06-15T13:32:14.169498+00:00",
    "ppwcs_score": 21,
    "stage_minus2": false,
    "stage_minus1": false,
    "stage_1g": false
  },
  {
    "symbol": "PIXELUSDT",
    "timestamp": "2025-06-15T13:32:14.199695+00:00",
    "ppwcs_score": 21,
    "stage_minus2": false,
    "stage_minus1": false,
    "stage_1g": false
  },
  {
    "symbol": "ZKJUSDT",
    "timestamp": "2025-06-15T13:32:14.229819+00:00",
    "ppwcs_score": 21,
    "stage_minus2": false,
    "stage_minus1": false,
    "stage_1g": false
  },
  {
    "symbol": "USUALUSDT",
    "timestamp": "2025-06-15T13:32:14.259907+00:00",
    "ppwcs_score": 21,
    "stage_minus2": false,
    "stage_minus1": false,
    "stage_1g": false
  },
  {
    "symbol": "HFTUSDT",
    "timestamp": "2025-06-15T13:35:52.211544+00:00",
    "ppwcs_score": 21,
    "stage_minus2": false,
    "stage_minus1": false,
    "stage_1g": false
  },
  {
    "symbol": "GPSUSDT",
    "timestamp": "2025-06-15T13:35:52.241964+00:00",
    "ppwcs_score": 21,
    "stage_minus2": false,
    "stage_minus1": false,
    "stage_1g": false
  },
  {
    "symbol": "WAXPUSDT",
    "timestamp": "2025-06-15T13:35:52.272279+00:00",
    "ppwcs_score": 21,
    "stage_minus2": false,
    "stage_minus1": false,
    "stage_1g": false
  },
  {
    "symbol": "HYPERUSDT",
    "timestamp": "2025-06-15T13:35:52.302500+00:00",
    "ppwcs_score": 21,
    "stage_minus2": false,
    "stage_minus1": false,
    "stage_1g": false
  },
  {
    "symbol": "BSWUSDT",
    "timestamp": "2025-06-15T13:35:52.332496+00:00",
    "ppwcs_score": 21,
    "stage_minus2": false,
    "stage_minus1": false,
    "stage_1g": false
  },
  {
    "symbol": "HOMEUSDT",
    "timestamp": "2025-06-15T13:35:52.362451+00:00",
    "ppwcs_score": 21,
    "stage_minus2": false,
    "stage_minus1": false,
    "stage_1g": false
  },
  {
    "symbol": "TAIUSDT",
    "timestamp": "2025-06-15T13:35:52.392866+00:00",
    "ppwcs_score": 21,
    "stage_minus2": false,
    "stage_minus1": false,
    "stage_1g": false
  },
  {
    "symbol": "PARTIUSDT",
    "timestamp": "2025-06-15T13:35:52.422663+00:00",
    "ppwcs_score": 21,
    "stage_minus2": false,
    "stage_minus1": false,
    "stage_1g": false
  },
  {
    "symbol": "TLMUSDT",
    "timestamp": "2025-06-15T13:35:52.452689+00:00",
    "ppwcs_score": 21,
    "stage_minus2": false,
    "stage_minus1": false,
    "stage_1g": false
  },
  {
    "symbol": "WUSDT",
    "timestamp": "2025-06-15T13:35:52.483560+00:00",
    "ppwcs_score": 21,
    "stage_minus2": false,
    "stage_minus1": false,
    "stage_1g": false
  },
  {
    "symbol": "PORTALUSDT",
    "timestamp": "2025-06-15T13:35:52.513353+00:00",
    "ppwcs_score": 21,
    "stage_minus2": false,
    "stage_minus1": false,
    "stage_1g": false
  },
  {
    "symbol": "PLUMEUSDT",
    "timestamp": "2025-06-15T13:35:52.544077+00:00",
    "ppwcs_score": 21,
    "stage_minus2": false,
    "stage_minus1": false,
    "stage_1g": false
  },
  {
    "symbol": "HUMAUSDT",
    "timestamp": "2025-06-15T13:35:52.574561+00:00",
    "ppwcs_score": 21,
    "stage_minus2": false,
    "stage_minus1": false,
    "stage_1g": false
  },
  {
    "symbol": "FUSDT",
    "timestamp": "2025-06-15T13:35:52.604437+00:00",
    "ppwcs_score": 21,
    "stage_minus2": false,
    "stage_minus1": false,
    "stage_1g": false
  },
  {
    "symbol": "REZUSDT",
    "timestamp": "2025-06-15T13:35:52.634566+00:00",
    "ppwcs_score": 21,
    "stage_minus2": false,
    "stage_minus1": false,
    "stage_1g": false
  },
  {
    "symbol": "MOODENGUSDT",
    "timestamp": "2025-06-15T13:35:52.665112+00:00",
    "ppwcs_score": 36,
    "stage_minus2": false,
    "stage_minus1": false,
    "stage_1g": false
  },
  {
    "symbol": "POLUSDT",
    "timestamp": "2025-06-15T13:35:52.695647+00:00",
    "ppwcs_score": 21,
    "stage_minus2": false,
    "stage_minus1": false,
    "stage_1g": false
  },
  {
    "symbol": "WCTUSDT",
    "timestamp": "2025-06-15T13:35:52.725721+00:00",
    "ppwcs_score": 21,
    "stage_minus2": false,
    "stage_minus1": false,
    "stage_1g": false
  },
  {
    "symbol": "JASMYUSDT",
    "timestamp": "2025-06-15T13:35:52.755823+00:00",
    "ppwcs_score": 21,
    "stage_minus2": false,
    "stage_minus1": false,
    "stage_1g": false
  },
  {
    "symbol": "ZKJUSDT",
    "timestamp": "2025-06-15T13:35:52.785925+00:00",
    "ppwcs_score": 21,
    "stage_minus2": false,
    "stage_minus1": false,
    "stage_1g": false
  },
  {
    "symbol": "BEAMUSDT",
    "timestamp": "2025-06-15T13:35:52.815944+00:00",
    "ppwcs_score": 21,
    "stage_minus2": false,
    "stage_minus1": false,
    "stage_1g": false
  },
  {
    "symbol": "TUSDT",
    "timestamp": "2025-06-15T13:35:52.845868+00:00",
    "ppwcs_score": 21,
    "stage_minus2": false,
    "stage_minus1": false,
    "stage_1g": false
  },
  {
    "symbol": "HAEDALUSDT",
    "timestamp": "2025-06-15T13:35:52.875843+00:00",
    "ppwcs_score": 21,
    "stage_minus2": false,
    "stage_minus1": false,
    "stage_1g": false
  },
  {
    "symbol": "ETHFIUSDT",
    "timestamp": "2025-06-15T13:35:52.905709+00:00",
    "ppwcs_score": 26,
    "stage_minus2": false,
    "stage_minus1": false,
    "stage_1g": false
  },
  {
    "symbol": "PRAIUSDT",
    "timestamp": "2025-06-15T13:35:52.935467+00:00",
    "ppwcs_score": 21,
    "stage_minus2": false,
    "stage_minus1": false,
    "stage_1g": false
  },
  {
    "symbol": "SPXUSDT",
    "timestamp": "2025-06-15T13:35:52.965524+00:00",
    "ppwcs_score": 36,
    "stage_minus2": false,
    "stage_minus1": false,
    "stage_1g": false
  },
  {
    "symbol": "ENJUSDT",
    "timestamp": "2025-06-15T13:35:52.995474+00:00",
    "ppwcs_score": 21,
    "stage_minus2": false,
    "stage_minus1": false,
    "stage_1g": false
  },
  {
    "symbol": "THEUSDT",
    "timestamp": "2025-06-15T13:35:53.025225+00:00",
    "ppwcs_score": 21,
    "stage_minus2": false,
    "stage_minus1": false,
    "stage_1g": false
  },
  {
    "symbol": "BIGTIMEUSDT",
    "timestamp": "2025-06-15T13:35:53.058111+00:00",
    "ppwcs_score": 21,
    "stage_minus2": false,
    "stage_minus1": false,
    "stage_1g": false
  },
  {
    "symbol": "BMTUSDT",
    "timestamp": "2025-06-15T13:35:53.088569+00:00",
    "ppwcs_score": 21,
    "stage_minus2": false,
    "stage_minus1": false,
    "stage_1g": false
  },
  {
    "symbol": "AERGOUSDT",
    "timestamp": "2025-06-15T13:35:53.118504+00:00",
    "ppwcs_score": 26,
    "stage_minus2": false,
    "stage_minus1": false,
    "stage_1g": false
  },
  {
    "symbol": "SOONUSDT",
    "timestamp": "2025-06-15T13:35:53.148623+00:00",
    "ppwcs_score": 21,
    "stage_minus2": false,
    "stage_minus1": false,
    "stage_1g": false
  },
  {
    "symbol": "BROCCOLIUSDT",
    "timestamp": "2025-06-15T13:35:53.178731+00:00",
    "ppwcs_score": 21,
    "stage_minus2": false,
    "stage_minus1": false,
    "stage_1g": false
  },
  {
    "symbol": "LAUSDT",
    "timestamp": "2025-06-15T13:35:53.208770+00:00",
    "ppwcs_score": 21,
    "stage_minus2": false,
    "stage_minus1": false,
    "stage_1g": false
  },
  {
    "symbol": "SKYAIUSDT",
    "timestamp": "2025-06-15T13:35:53.238609+00:00",
    "ppwcs_score": 21,
    "stage_minus2": false,
    "stage_minus1": false,
    "stage_1g": false
  },
  {
    "symbol": "FUELUSDT",
    "timestamp": "2025-06-15T13:35:53.268758+00:00",
    "ppwcs_score": 21,
    "stage_minus2": false,
    "stage_minus1": false,
    "stage_1g": false
  },
  {
    "symbol": "GRTUSDT",
    "timestamp": "2025-06-15T13:35:53.298818+00:00",
    "ppwcs_score": 21,
    "stage_minus2": false,
    "stage_minus1": false,
    "stage_1g": false
  },
  {
    "symbol": "SKATEUSDT",
    "timestamp": "2025-06-15T13:35:53.328900+00:00",
    "ppwcs_score": 21,
    "stage_minus2": false,
    "stage_minus1": false,
    "stage_1g": false
  },
  {
    "symbol": "RAREUSDT",
    "timestamp": "2025-06-15T13:35:53.358760+00:00",
    "ppwcs_score": 21,
    "stage_minus2": false,
    "stage_minus1": false,
    "stage_1g": false
  },
  {
    "symbol": "VIRTUALUSDT",
    "timestamp": "2025-06-15T13:35:53.389003+00:00",
    "ppwcs_score": 21,
    "stage_minus2": false,
    "stage_minus1": false,
    "stage_1g": false
  },
  {
    "symbol": "RSRUSDT",
    "timestamp": "2025-06-15T13:35:53.419010+00:00",
    "ppwcs_score": 21,
    "stage_minus2": false,
    "stage_minus1": false,
    "stage_1g": false
  },
  {
    "symbol": "MERLUSDT",
    "timestamp": "2025-06-15T13:35:53.448884+00:00",
    "ppwcs_score": 21,
    "stage_minus2": false,
    "stage_minus1": false,
    "stage_1g": false
  },
  {
    "symbol": "USTCUSDT",
    "timestamp": "2025-06-15T13:35:53.479282+00:00",
    "ppwcs_score": 21,
    "stage_minus2": false,
    "stage_minus1": false,
    "stage_1g": false
  },
  {
    "symbol": "CRVUSDT",
    "timestamp": "2025-06-15T13:35:53.509545+00:00",
    "ppwcs_score": 21,
    "stage_minus2": false,
    "stage_minus1": false,
    "stage_1g": false
  },
  {
    "symbol": "ZORAUSDT",
    "timestamp": "2025-06-15T13:35:53.539620+00:00",
    "ppwcs_score": 21,
    "stage_minus2": false,
    "stage_minus1": false,
    "stage_1g": false
  },
  {
    "symbol": "COOKUSDT",
    "timestamp": "2025-06-15T13:35:53.569800+00:00",
    "ppwcs_score": 21,
    "stage_minus2": false,
    "stage_minus1": false,
    "stage_1g": false
  },
  {
    "symbol": "GALAUSDT",
    "timestamp": "2025-06-15T13:35:53.599897+00:00",
    "ppwcs_score": 26,
    "stage_minus2": false,
    "stage_minus1": false,
    "stage_1g": false
  },
  {
    "symbol": "VELOUSDT",
    "timestamp": "2025-06-15T13:35:53.629992+00:00",
    "ppwcs_score": 21,
    "stage_minus2": false,
    "stage_minus1": false,
    "stage_1g": false
  },
  {
    "symbol": "CHZUSDT",
    "timestamp": "2025-06-15T13:35:53.660662+00:00",
    "ppwcs_score": 26,
    "stage_minus2": false,
    "stage_minus1": false,
    "stage_1g": false
  },
  {
    "symbol": "OGNUSDT",
    "timestamp": "2025-06-15T13:35:53.690894+00:00",
    "ppwcs_score": 21,
    "stage_minus2": false,
    "stage_minus1": false,
    "stage_1g": false
  },
  {
    "symbol": "MVLUSDT",
    "timestamp": "2025-06-15T13:35:53.721160+00:00",
    "ppwcs_score": 21,
    "stage_minus2": false,
    "stage_minus1": false,
    "stage_1g": false
  },
  {
    "symbol": "NEARUSDT",
    "timestamp": "2025-06-15T13:35:53.750981+00:00",
    "ppwcs_score": 21,
    "stage_minus2": false,
    "stage_minus1": false,
    "stage_1g": false
  },
  {
    "symbol": "LOOKSUSDT",
    "timestamp": "2025-06-15T13:35:53.781090+00:00",
    "ppwcs_score": 21,
    "stage_minus2": false,
    "stage_minus1": false,
    "stage_1g": false
  },
  {
    "symbol": "TRXUSDT",
    "timestamp": "2025-06-15T13:35:53.811142+00:00",
    "ppwcs_score": 21,
    "stage_minus2": false,
    "stage_minus1": false,
    "stage_1g": false
  },
  {
    "symbol": "SXTUSDT",
    "timestamp": "2025-06-15T13:35:53.841198+00:00",
    "ppwcs_score": 21,
    "stage_minus2": false,
    "stage_minus1": false,
    "stage_1g": false
  },
  {
    "symbol": "PUMPBTCUSDT",
    "timestamp": "2025-06-15T13:35:53.871590+00:00",
    "ppwcs_score": 21,
    "stage_minus2": false,
    "stage_minus1": false,
    "stage_1g": false
  },
  {
    "symbol": "CUDISUSDT",
    "timestamp": "2025-06-15T13:35:53.902033+00:00",
    "ppwcs_score": 21,
    "stage_minus2": false,
    "stage_minus1": false,
    "stage_1g": false
  },
  {
    "symbol": "CELRUSDT",
    "timestamp": "2025-06-15T13:35:53.932111+00:00",
    "ppwcs_score": 21,
    "stage_minus2": false,
    "stage_minus1": false,
    "stage_1g": false
  },
  {
    "symbol": "USUALUSDT",
    "timestamp": "2025-06-15T13:35:53.962327+00:00",
    "ppwcs_score": 21,
    "stage_minus2": false,
    "stage_minus1": false,
    "stage_1g": false
  },
  {
    "symbol": "ANKRUSDT",
    "timestamp": "2025-06-15T13:35:53.992431+00:00",
    "ppwcs_score": 21,
    "stage_minus2": false,
    "stage_minus1": false,
    "stage_1g": false
  },
  {
    "symbol": "ORDERUSDT",
    "timestamp": "2025-06-15T13:35:54.022782+00:00",
    "ppwcs_score": 21,
    "stage_minus2": false,
    "stage_minus1": false,
    "stage_1g": false
  },
  {
    "symbol": "ARPAUSDT",
    "timestamp": "2025-06-15T13:35:54.053176+00:00",
    "ppwcs_score": 21,
    "stage_minus2": false,
    "stage_minus1": false,
    "stage_1g": false
  },
  {
    "symbol": "B2USDT",
    "timestamp": "2025-06-15T13:35:54.083399+00:00",
    "ppwcs_score": 21,
    "stage_minus2": false,
    "stage_minus1": false,
    "stage_1g": false
  },
  {
    "symbol": "SUNDOGUSDT",
    "timestamp": "2025-06-15T13:35:54.113571+00:00",
    "ppwcs_score": 21,
    "stage_minus2": false,
    "stage_minus1": false,
    "stage_1g": false
  },
  {
    "symbol": "SOLVUSDT",
    "timestamp": "2025-06-15T13:35:54.143581+00:00",
    "ppwcs_score": 21,
    "stage_minus2": false,
    "stage_minus1": false,
    "stage_1g": false
  },
  {
    "symbol": "OMUSDT",
    "timestamp": "2025-06-15T13:35:54.173883+00:00",
    "ppwcs_score": 21,
    "stage_minus2": false,
    "stage_minus1": false,
    "stage_1g": false
  },
  {
    "symbol": "ZRCUSDT",
    "timestamp": "2025-06-15T13:35:54.203991+00:00",
    "ppwcs_score": 21,
    "stage_minus2": false,
    "stage_minus1": false,
    "stage_1g": false
  },
  {
    "symbol": "LEVERUSDT",
    "timestamp": "2025-06-15T13:35:54.234089+00:00",
    "ppwcs_score": 36,
    "stage_minus2": false,
    "stage_minus1": false,
    "stage_1g": false
  },
  {
    "symbol": "AGTUSDT",
    "timestamp": "2025-06-15T13:35:54.264243+00:00",
    "ppwcs_score": 21,
    "stage_minus2": false,
    "stage_minus1": false,
    "stage_1g": false
  },
  {
    "symbol": "PIXELUSDT",
    "timestamp": "2025-06-15T13:35:54.294375+00:00",
    "ppwcs_score": 21,
    "stage_minus2": false,
    "stage_minus1": false,
    "stage_1g": false
  },
  {
    "symbol": "DOGUSDT",
    "timestamp": "2025-06-15T13:35:54.342643+00:00",
    "ppwcs_score": 21,
    "stage_minus2": false,
    "stage_minus1": false,
    "stage_1g": false
  },
  {
    "symbol": "GIGAUSDT",
    "timestamp": "2025-06-15T13:35:54.373111+00:00",
    "ppwcs_score": 36,
    "stage_minus2": false,
    "stage_minus1": false,
    "stage_1g": false
  },
  {
    "symbol": "SQDUSDT",
    "timestamp": "2025-06-15T13:35:54.403492+00:00",
    "ppwcs_score": 21,
    "stage_minus2": false,
    "stage_minus1": false,
    "stage_1g": false
  },
  {
    "symbol": "TOKENUSDT",
    "timestamp": "2025-06-15T13:35:54.433679+00:00",
    "ppwcs_score": 21,
    "stage_minus2": false,
    "stage_minus1": false,
    "stage_1g": false
  },
  {
    "symbol": "GUSDT",
    "timestamp": "2025-06-15T13:35:54.464033+00:00",
    "ppwcs_score": 21,
    "stage_minus2": false,
    "stage_minus1": false,
    "stage_1g": false
  },
  {
    "symbol": "ORBSUSDT",
    "timestamp": "2025-06-15T13:35:54.494274+00:00",
    "ppwcs_score": 21,
    "stage_minus2": false,
    "stage_minus1": false,
    "stage_1g": false
  },
  {
    "symbol": "ONDOUSDT",
    "timestamp": "2025-06-15T13:35:54.524325+00:00",
    "ppwcs_score": 26,
    "stage_minus2": false,
    "stage_minus1": false,
    "stage_1g": false
  },
  {
    "symbol": "BLASTUSDT",
    "timestamp": "2025-06-15T13:35:54.554760+00:00",
    "ppwcs_score": 36,
    "stage_minus2": false,
    "stage_minus1": false,
    "stage_1g": false
  },
  {
    "symbol": "AEVOUSDT",
    "timestamp": "2025-06-15T13:35:54.585133+00:00",
    "ppwcs_score": 21,
    "stage_minus2": false,
    "stage_minus1": false,
    "stage_1g": false
  },
  {
    "symbol": "TAIKOUSDT",
    "timestamp": "2025-06-15T13:35:54.615578+00:00",
    "ppwcs_score": 21,
    "stage_minus2": false,
    "stage_minus1": false,
    "stage_1g": false
  },
  {
    "symbol": "XRPUSDT",
    "timestamp": "2025-06-15T13:35:54.645834+00:00",
    "ppwcs_score": 3,
    "stage_minus2": false,
    "stage_minus1": false,
    "stage_1g": false
  },
  {
    "symbol": "GMTUSDT",
    "timestamp": "2025-06-15T13:35:54.676105+00:00",
    "ppwcs_score": 21,
    "stage_minus2": false,
    "stage_minus1": false,
    "stage_1g": false
  },
  {
    "symbol": "BIOUSDT",
    "timestamp": "2025-06-15T13:35:54.706579+00:00",
    "ppwcs_score": 21,
    "stage_minus2": false,
    "stage_minus1": false,
    "stage_1g": false
  },
  {
    "symbol": "TIAUSDT",
    "timestamp": "2025-06-15T13:35:54.736901+00:00",
    "ppwcs_score": 21,
    "stage_minus2": false,
    "stage_minus1": false,
    "stage_1g": false
  },
  {
    "symbol": "KOMAUSDT",
    "timestamp": "2025-06-15T13:35:54.767128+00:00",
    "ppwcs_score": 21,
    "stage_minus2": false,
    "stage_minus1": false,
    "stage_1g": false
  },
  {
    "symbol": "SLPUSDT",
    "timestamp": "2025-06-15T13:35:54.797151+00:00",
    "ppwcs_score": 21,
    "stage_minus2": false,
    "stage_minus1": false,
    "stage_1g": false
  },
  {
    "symbol": "KASUSDT",
    "timestamp": "2025-06-15T13:35:54.827181+00:00",
    "ppwcs_score": 21,
    "stage_minus2": false,
    "stage_minus1": false,
    "stage_1g": false
  },
  {
    "symbol": "ALUUSDT",
    "timestamp": "2025-06-15T13:35:54.857271+00:00",
    "ppwcs_score": 21,
    "stage_minus2": false,
    "stage_minus1": false,
    "stage_1g": false
  },
  {
    "symbol": "CTSIUSDT",
    "timestamp": "2025-06-15T13:35:54.887341+00:00",
    "ppwcs_score": 21,
    "stage_minus2": false,
    "stage_minus1": false,
    "stage_1g": false
  },
  {
    "symbol": "HOTUSDT",
    "timestamp": "2025-06-15T13:35:54.917491+00:00",
    "ppwcs_score": 21,
    "stage_minus2": false,
    "stage_minus1": false,
    "stage_1g": false
  },
  {
    "symbol": "TUTUSDT",
    "timestamp": "2025-06-15T13:35:54.947663+00:00",
    "ppwcs_score": 21,
    "stage_minus2": false,
    "stage_minus1": false,
    "stage_1g": false
  },
  {
    "symbol": "ACHUSDT",
    "timestamp": "2025-06-15T13:35:54.978077+00:00",
    "ppwcs_score": 36,
    "stage_minus2": false,
    "stage_minus1": false,
    "stage_1g": false
  },
  {
    "symbol": "SIGNUSDT",
    "timestamp": "2025-06-15T13:35:55.008280+00:00",
    "ppwcs_score": 36,
    "stage_minus2": false,
    "stage_minus1": false,
    "stage_1g": false
  },
  {
    "symbol": "XAIUSDT",
    "timestamp": "2025-06-15T13:35:55.038397+00:00",
    "ppwcs_score": 21,
    "stage_minus2": false,
    "stage_minus1": false,
    "stage_1g": false
  },
  {
    "symbol": "DENTUSDT",
    "timestamp": "2025-06-15T13:35:55.068732+00:00",
    "ppwcs_score": 21,
    "stage_minus2": false,
    "stage_minus1": false,
    "stage_1g": false
  },
  {
    "symbol": "BLURUSDT",
    "timestamp": "2025-06-15T13:35:55.098783+00:00",
    "ppwcs_score": 21,
    "stage_minus2": false,
    "stage_minus1": false,
    "stage_1g": false
  },
  {
    "symbol": "XCNUSDT",
    "timestamp": "2025-06-15T13:35:55.129773+00:00",
    "ppwcs_score": 21,
    "stage_minus2": false,
    "stage_minus1": false,
    "stage_1g": false
  },
  {
    "symbol": "BDXNUSDT",
    "timestamp": "2025-06-15T13:35:55.160009+00:00",
    "ppwcs_score": 21,
    "stage_minus2": false,
    "stage_minus1": false,
    "stage_1g": false
  },
  {
    "symbol": "ZENTUSDT",
    "timestamp": "2025-06-15T13:35:55.190309+00:00",
    "ppwcs_score": 21,
    "stage_minus2": false,
    "stage_minus1": false,
    "stage_1g": false
  },
  {
    "symbol": "WLDUSDT",
    "timestamp": "2025-06-15T13:35:55.221303+00:00",
    "ppwcs_score": 21,
    "stage_minus2": false,
    "stage_minus1": false,
    "stage_1g": false
  },
  {
    "symbol": "SNTUSDT",
    "timestamp": "2025-06-15T13:35:55.251398+00:00",
    "ppwcs_score": 21,
    "stage_minus2": false,
    "stage_minus1": false,
    "stage_1g": false
  },
  {
    "symbol": "EPTUSDT",
    "timestamp": "2025-06-15T13:35:55.281908+00:00",
    "ppwcs_score": 21,
    "stage_minus2": false,
    "stage_minus1": false,
    "stage_1g": false
  },
  {
    "symbol": "EIGENUSDT",
    "timestamp": "2025-06-15T13:35:55.312195+00:00",
    "ppwcs_score": 21,
    "stage_minus2": false,
    "stage_minus1": false,
    "stage_1g": false
  },
  {
    "symbol": "SOPHUSDT",
    "timestamp": "2025-06-15T13:35:55.342547+00:00",
    "ppwcs_score": 21,
    "stage_minus2": false,
    "stage_minus1": false,
    "stage_1g": false
  },
  {
    "symbol": "FLOCKUSDT",
    "timestamp": "2025-06-15T13:35:55.372980+00:00",
    "ppwcs_score": 36,
    "stage_minus2": false,
    "stage_minus1": false,
    "stage_1g": false
  },
  {
    "symbol": "ENAUSDT",
    "timestamp": "2025-06-15T13:35:55.403325+00:00",
    "ppwcs_score": 36,
    "stage_minus2": false,
    "stage_minus1": false,
    "stage_1g": false
  },
  {
    "symbol": "MAVIAUSDT",
    "timestamp": "2025-06-15T13:35:55.433567+00:00",
    "ppwcs_score": 21,
    "stage_minus2": false,
    "stage_minus1": false,
    "stage_1g": false
  },
  {
    "symbol": "MOVEUSDT",
    "timestamp": "2025-06-15T13:35:55.463781+00:00",
    "ppwcs_score": 21,
    "stage_minus2": false,
    "stage_minus1": false,
    "stage_1g": false
  },
  {
    "symbol": "L3USDT",
    "timestamp": "2025-06-15T13:35:55.494155+00:00",
    "ppwcs_score": 21,
    "stage_minus2": false,
    "stage_minus1": false,
    "stage_1g": false
  },
  {
    "symbol": "COTIUSDT",
    "timestamp": "2025-06-15T13:35:55.524407+00:00",
    "ppwcs_score": 21,
    "stage_minus2": false,
    "stage_minus1": false,
    "stage_1g": false
  },
  {
    "symbol": "BUSDT",
    "timestamp": "2025-06-15T13:35:55.555144+00:00",
    "ppwcs_score": 21,
    "stage_minus2": false,
    "stage_minus1": false,
    "stage_1g": false
  },
  {
    "symbol": "BANANAS31USDT",
    "timestamp": "2025-06-15T13:35:55.585877+00:00",
    "ppwcs_score": 21,
    "stage_minus2": false,
    "stage_minus1": false,
    "stage_1g": false
  },
  {
    "symbol": "BRETTUSDT",
    "timestamp": "2025-06-15T13:35:55.616131+00:00",
    "ppwcs_score": 21,
    "stage_minus2": false,
    "stage_minus1": false,
    "stage_1g": false
  },
  {
    "symbol": "DBRUSDT",
    "timestamp": "2025-06-15T13:35:55.646552+00:00",
    "ppwcs_score": 21,
    "stage_minus2": false,
    "stage_minus1": false,
    "stage_1g": false
  },
  {
    "symbol": "OBTUSDT",
    "timestamp": "2025-06-15T13:35:55.676941+00:00",
    "ppwcs_score": 21,
    "stage_minus2": false,
    "stage_minus1": false,
    "stage_1g": false
  },
  {
    "symbol": "SWEATUSDT",
    "timestamp": "2025-06-15T13:35:55.707302+00:00",
    "ppwcs_score": 21,
    "stage_minus2": false,
    "stage_minus1": false,
    "stage_1g": false
  },
  {
    "symbol": "CHILLGUYUSDT",
    "timestamp": "2025-06-15T13:35:55.737652+00:00",
    "ppwcs_score": 36,
    "stage_minus2": false,
    "stage_minus1": false,
    "stage_1g": false
  },
  {
    "symbol": "RSS3USDT",
    "timestamp": "2025-06-15T13:35:55.767974+00:00",
    "ppwcs_score": 21,
    "stage_minus2": false,
    "stage_minus1": false,
    "stage_1g": false
  },
  {
    "symbol": "SYRUPUSDT",
    "timestamp": "2025-06-15T13:35:55.798421+00:00",
    "ppwcs_score": 21,
    "stage_minus2": false,
    "stage_minus1": false,
    "stage_1g": false
  },
  {
    "symbol": "STRKUSDT",
    "timestamp": "2025-06-15T13:35:55.828659+00:00",
    "ppwcs_score": 21,
    "stage_minus2": false,
    "stage_minus1": false,
    "stage_1g": false
  },
  {
    "symbol": "AXLUSDT",
    "timestamp": "2025-06-15T13:35:55.859150+00:00",
    "ppwcs_score": 21,
    "stage_minus2": false,
    "stage_minus1": false,
    "stage_1g": false
  }
]