{
  "report_type": "daily_summary",
  "date": "2025-06-09",
  "generated_at": "2025-06-09T17:56:14.379669+00:00",
  "statistics": {
    "total_scans": 1102,
    "total_alerts": 0,
    "unique_symbols_scanned": 213,
    "unique_symbols_alerted": 0,
    "avg_score": 21.317604355716878,
    "max_score": 36,
    "high_score_count": 0
  },
  "top_performers": [
    {
      "symbol": "ACHUSDT",
      "timestamp": "2025-06-09T15:45:03.748757+00:00",
      "ppwcs_score": 36,
      "stage_minus2": true,
      "stage_minus1": {
        "strength": 23.076923076923077,
        "confidence": 0.0,
        "momentum": false,
        "volume_confirmed": false,
        "technical_alignment": false
      },
      "stage_1g": false
    },
    {
      "symbol": "ACHUSDT",
      "timestamp": "2025-06-09T15:58:23.118315+00:00",
      "ppwcs_score": 36,
      "stage_minus2": true,
      "stage_minus1": {
        "strength": 23.076923076923077,
        "confidence": 0.0,
        "momentum": false,
        "volume_confirmed": false,
        "technical_alignment": false
      },
      "stage_1g": false
    },
    {
      "symbol": "ACHUSDT",
      "timestamp": "2025-06-09T16:40:59.924853+00:00",
      "ppwcs_score": 36,
      "stage_minus2": true,
      "stage_minus1": {
        "strength": 30.76923076923077,
        "confidence": 50.0,
        "momentum": false,
        "volume_confirmed": true,
        "technical_alignment": false
      },
      "stage_1g": false
    },
    {
      "symbol": "GIGAUSDT",
      "timestamp": "2025-06-09T16:41:00.031250+00:00",
      "ppwcs_score": 36,
      "stage_minus2": true,
      "stage_minus1": {
        "strength": 30.76923076923077,
        "confidence": 50.0,
        "momentum": false,
        "volume_confirmed": true,
        "technical_alignment": false
      },
      "stage_1g": false
    },
    {
      "symbol": "ACHUSDT",
      "timestamp": "2025-06-09T16:46:06.162484+00:00",
      "ppwcs_score": 36,
      "stage_minus2": true,
      "stage_minus1": {
        "strength": 30.76923076923077,
        "confidence": 50.0,
        "momentum": false,
        "volume_confirmed": true,
        "technical_alignment": false
      },
      "stage_1g": false
    },
    {
      "symbol": "MOODENGUSDT",
      "timestamp": "2025-06-09T16:46:06.166976+00:00",
      "ppwcs_score": 36,
      "stage_minus2": true,
      "stage_minus1": {
        "strength": 30.76923076923077,
        "confidence": 50.0,
        "momentum": false,
        "volume_confirmed": true,
        "technical_alignment": false
      },
      "stage_1g": false
    },
    {
      "symbol": "ENAUSDT",
      "timestamp": "2025-06-09T16:46:06.180479+00:00",
      "ppwcs_score": 36,
      "stage_minus2": true,
      "stage_minus1": {
        "strength": 30.76923076923077,
        "confidence": 50.0,
        "momentum": false,
        "volume_confirmed": true,
        "technical_alignment": false
      },
      "stage_1g": false
    },
    {
      "symbol": "FLOCKUSDT",
      "timestamp": "2025-06-09T16:46:06.230931+00:00",
      "ppwcs_score": 36,
      "stage_minus2": true,
      "stage_minus1": {
        "strength": 30.76923076923077,
        "confidence": 50.0,
        "momentum": false,
        "volume_confirmed": true,
        "technical_alignment": false
      },
      "stage_1g": false
    },
    {
      "symbol": "BLASTUSDT",
      "timestamp": "2025-06-09T16:46:06.259246+00:00",
      "ppwcs_score": 36,
      "stage_minus2": true,
      "stage_minus1": {
        "strength": 30.76923076923077,
        "confidence": 50.0,
        "momentum": false,
        "volume_confirmed": true,
        "technical_alignment": false
      },
      "stage_1g": false
    },
    {
      "symbol": "CHILLGUYUSDT",
      "timestamp": "2025-06-09T16:46:06.268753+00:00",
      "ppwcs_score": 36,
      "stage_minus2": true,
      "stage_minus1": {
        "strength": 30.76923076923077,
        "confidence": 50.0,
        "momentum": false,
        "volume_confirmed": true,
        "technical_alignment": false
      },
      "stage_1g": false
    }
  ]
}