{
  "report_type": "daily_summary",
  "date": "2025-06-13",
  "generated_at": "2025-06-13T23:47:09.755128+00:00",
  "statistics": {
    "total_scans": 5059,
    "total_alerts": 0,
    "unique_symbols_scanned": 427,
    "unique_symbols_alerted": 0,
    "avg_score": 21.22850365684918,
    "max_score": 36,
    "high_score_count": 0
  },
  "top_performers": [
    {
      "symbol": "1INCHUSDT",
      "timestamp": "2025-06-13T13:55:12.041220+00:00",
      "ppwcs_score": 36,
      "stage_minus2": true,
      "stage_minus1": {
        "strength": 23.076923076923077,
        "confidence": 50.0,
        "momentum": false,
        "volume_confirmed": [
          false,
          0.0
        ],
        "technical_alignment": false
      },
      "stage_1g": false
    },
    {
      "symbol": "ENAUSDT",
      "timestamp": "2025-06-13T13:55:12.051295+00:00",
      "ppwcs_score": 36,
      "stage_minus2": true,
      "stage_minus1": {
        "strength": 23.076923076923077,
        "confidence": 50.0,
        "momentum": false,
        "volume_confirmed": [
          false,
          0.0
        ],
        "technical_alignment": false
      },
      "stage_1g": false
    },
    {
      "symbol": "SPXUSDT",
      "timestamp": "2025-06-13T13:55:12.178007+00:00",
      "ppwcs_score": 36,
      "stage_minus2": true,
      "stage_minus1": {
        "strength": 23.076923076923077,
        "confidence": 50.0,
        "momentum": false,
        "volume_confirmed": [
          false,
          0.0
        ],
        "technical_alignment": false
      },
      "stage_1g": false
    },
    {
      "symbol": "ACHUSDT",
      "timestamp": "2025-06-13T13:55:12.255577+00:00",
      "ppwcs_score": 36,
      "stage_minus2": true,
      "stage_minus1": {
        "strength": 23.076923076923077,
        "confidence": 50.0,
        "momentum": false,
        "volume_confirmed": [
          false,
          0.0
        ],
        "technical_alignment": false
      },
      "stage_1g": false
    },
    {
      "symbol": "LEVERUSDT",
      "timestamp": "2025-06-13T13:55:12.318509+00:00",
      "ppwcs_score": 36,
      "stage_minus2": true,
      "stage_minus1": {
        "strength": 23.076923076923077,
        "confidence": 50.0,
        "momentum": false,
        "volume_confirmed": [
          false,
          0.0
        ],
        "technical_alignment": false
      },
      "stage_1g": false
    },
    {
      "symbol": "ACEUSDT",
      "timestamp": "2025-06-13T13:55:12.769371+00:00",
      "ppwcs_score": 36,
      "stage_minus2": true,
      "stage_minus1": {
        "strength": 23.076923076923077,
        "confidence": 50.0,
        "momentum": false,
        "volume_confirmed": [
          false,
          0.0
        ],
        "technical_alignment": false
      },
      "stage_1g": false
    },
    {
      "symbol": "FLOCKUSDT",
      "timestamp": "2025-06-13T13:55:12.957055+00:00",
      "ppwcs_score": 36,
      "stage_minus2": true,
      "stage_minus1": {
        "strength": 23.076923076923077,
        "confidence": 50.0,
        "momentum": false,
        "volume_confirmed": [
          false,
          0.0
        ],
        "technical_alignment": false
      },
      "stage_1g": false
    },
    {
      "symbol": "CHILLGUYUSDT",
      "timestamp": "2025-06-13T13:55:13.029429+00:00",
      "ppwcs_score": 36,
      "stage_minus2": true,
      "stage_minus1": {
        "strength": 23.076923076923077,
        "confidence": 50.0,
        "momentum": false,
        "volume_confirmed": [
          false,
          0.0
        ],
        "technical_alignment": false
      },
      "stage_1g": false
    },
    {
      "symbol": "MOODENGUSDT",
      "timestamp": "2025-06-13T13:55:13.111061+00:00",
      "ppwcs_score": 36,
      "stage_minus2": true,
      "stage_minus1": {
        "strength": 23.076923076923077,
        "confidence": 50.0,
        "momentum": false,
        "volume_confirmed": [
          false,
          0.0
        ],
        "technical_alignment": false
      },
      "stage_1g": false
    },
    {
      "symbol": "GIGAUSDT",
      "timestamp": "2025-06-13T13:55:13.333974+00:00",
      "ppwcs_score": 36,
      "stage_minus2": true,
      "stage_minus1": {
        "strength": 23.076923076923077,
        "confidence": 50.0,
        "momentum": false,
        "volume_confirmed": [
          false,
          0.0
        ],
        "technical_alignment": false
      },
      "stage_1g": false
    }
  ]
}