{
  "report_type": "daily_summary",
  "date": "2025-06-15",
  "generated_at": "2025-06-15T17:05:33.931114+00:00",
  "statistics": {
    "total_scans": 381,
    "total_alerts": 0,
    "unique_symbols_scanned": 125,
    "unique_symbols_alerted": 0,
    "avg_score": 22.62729658792651,
    "max_score": 36,
    "high_score_count": 0
  },
  "top_performers": [
    {
      "symbol": "CHILLGUYUSDT",
      "timestamp": "2025-06-15T12:44:34.399816+00:00",
      "ppwcs_score": 36,
      "stage_minus2": false,
      "stage_minus1": false,
      "stage_1g": false
    },
    {
      "symbol": "SIGNUSDT",
      "timestamp": "2025-06-15T12:44:34.514565+00:00",
      "ppwcs_score": 36,
      "stage_minus2": false,
      "stage_minus1": false,
      "stage_1g": false
    },
    {
      "symbol": "FLOCKUSDT",
      "timestamp": "2025-06-15T12:44:34.733804+00:00",
      "ppwcs_score": 36,
      "stage_minus2": false,
      "stage_minus1": false,
      "stage_1g": false
    },
    {
      "symbol": "LEVERUSDT",
      "timestamp": "2025-06-15T12:44:35.195208+00:00",
      "ppwcs_score": 36,
      "stage_minus2": false,
      "stage_minus1": false,
      "stage_1g": false
    },
    {
      "symbol": "MOODENGUSDT",
      "timestamp": "2025-06-15T12:44:35.224641+00:00",
      "ppwcs_score": 36,
      "stage_minus2": false,
      "stage_minus1": false,
      "stage_1g": false
    },
    {
      "symbol": "ENAUSDT",
      "timestamp": "2025-06-15T12:44:35.455180+00:00",
      "ppwcs_score": 36,
      "stage_minus2": false,
      "stage_minus1": false,
      "stage_1g": false
    },
    {
      "symbol": "GIGAUSDT",
      "timestamp": "2025-06-15T12:44:35.571088+00:00",
      "ppwcs_score": 36,
      "stage_minus2": false,
      "stage_minus1": false,
      "stage_1g": false
    },
    {
      "symbol": "FLOCKUSDT",
      "timestamp": "2025-06-15T12:51:41.443656+00:00",
      "ppwcs_score": 36,
      "stage_minus2": false,
      "stage_minus1": false,
      "stage_1g": false
    },
    {
      "symbol": "CHILLGUYUSDT",
      "timestamp": "2025-06-15T12:51:41.589310+00:00",
      "ppwcs_score": 36,
      "stage_minus2": false,
      "stage_minus1": false,
      "stage_1g": false
    },
    {
      "symbol": "MOODENGUSDT",
      "timestamp": "2025-06-15T12:51:41.734563+00:00",
      "ppwcs_score": 36,
      "stage_minus2": false,
      "stage_minus1": false,
      "stage_1g": false
    }
  ]
}