{
  "1000000BABYDOGEUSDT": 11,
  "1000000CHEEMSUSDT": 11,
  "1000000MOGUSDT": 21,
  "1000000PEIPEIUSDT": 11,
  "10000COQUSDT": 11,
  "10000ELONUSDT": 11,
  "10000LADYSUSDT": 21,
  "10000QUBICUSDT": 11,
  "10000SATSUSDT": 11,
  "10000WENUSDT": 21,
  "10000WHYUSDT": 11,
  "1INCHUSDT": 36,
  "AAVEUSDT": 26,
  "ACEUSDT": 36,
  "ACHUSDT": 36,
  "ACTUSDT": 21,
  "ACXUSDT": 21,
  "ADAUSDT": 21,
  "AERGOUSDT": 26,
  "AEROUSDT": 21,
  "AEVOUSDT": 21,
  "AGIUSDT": 21,
  "AGLDUSDT": 21,
  "AGTUSDT": 21,
  "AIOZUSDT": 21,
  "AIXBTUSDT": 21,
  "AKTUSDT": 21,
  "ALCHUSDT": 11,
  "ALEOUSDT": 11,
  "ALGOUSDT": 21,
  "ALICEUSDT": 21,
  "ALPHAUSDT": 11,
  "ALTUSDT": 21,
  "ALUUSDT": 21,
  "ANIMEUSDT": 21,
  "ANKRUSDT": 21,
  "APEUSDT": 21,
  "APTUSDT": 21,
  "ARBUSDT": 21,
  "ARCUSDT": 21,
  "ARKMUSDT": 21,
  "ARKUSDT": 21,
  "ARPAUSDT": 21,
  "ASTRUSDT": 11,
  "ATAUSDT": 21,
  "ATHUSDT": 26,
  "ATOMUSDT": 21,
  "AUCTIONUSDT": 21,
  "AUDIOUSDT": 11,
  "AVAAIUSDT": 11,
  "AVAILUSDT": 21,
  "AVAUSDT": 21,
  "AVAXUSDT": 21,
  "AVLUSDT": 21,
  "AWEUSDT": 21,
  "CFXUSDT": 21,
  "MOODENGUSDT": 36,
  "FLMUSDT": 11,
  "PUFFERUSDT": 21,
  "CHILLGUYUSDT": 36,
  "COOKUSDT": 21,
  "DENTUSDT": 21,
  "SWARMSUSDT": 11,
  "OBTUSDT": 21,
  "SPELLUSDT": 11,
  "GIGAUSDT": 36,
  "SNTUSDT": 21,
  "LEVERUSDT": 36,
  "CKBUSDT": 11,
  "STRKUSDT": 21,
  "MOVEUSDT": 21,
  "BDXNUSDT": 21,
  "BEAMUSDT": 21,
  "DOGUSDT": 21,
  "FLOCKUSDT": 36,
  "MYROUSDT": 11,
  "SOPHUSDT": 21,
  "SEIUSDT": 11,
  "RFCUSDT": 11,
  "ENAUSDT": 36,
  "BLASTUSDT": 36,
  "KOMAUSDT": 21,
  "GMTUSDT": 21,
  "IOSTUSDT": 11,
  "RVNUSDT": 11,
  "SLPUSDT": 21,
  "HOTUSDT": 21,
  "SUIUSDT": 11,
  "KASUSDT": 21,
  "EPTUSDT": 21,
  "MASKUSDT": 26,
  "JASMYUSDT": 21,
  "LISTAUSDT": 21,
  "GALAUSDT": 26,
  "HAEDALUSDT": 21,
  "BRETTUSDT": 21,
  "HUMAUSDT": 21,
  "ICXUSDT": 11,
  "PORTALUSDT": 21,
  "PHAUSDT": 26,
  "NEIROETHUSDT": 11,
  "REZUSDT": 21,
  "CHESSUSDT": 21,
  "SIGNUSDT": 36,
  "SWELLUSDT": 21,
  "CHZUSDT": 26,
  "GPSUSDT": 21,
  "RSRUSDT": 21,
  "LOOKSUSDT": 21,
  "SYRUPUSDT": 21,
  "GLMRUSDT": 11,
  "REXUSDT": 11,
  "NILUSDT": 11,
  "PUMPBTCUSDT": 21,
  "SUNDOGUSDT": 21,
  "MDTUSDT": 21,
  "BMTUSDT": 21,
  "PRAIUSDT": 21,
  "SAROSUSDT": 11,
  "SKATEUSDT": 21,
  "ONDOUSDT": 26,
  "SWEATUSDT": 21,
  "SKLUSDT": 21,
  "CRVUSDT": 21,
  "BIOUSDT": 21,
  "ELXUSDT": 21,
  "SPXUSDT": 36,
  "PIXELUSDT": 21,
  "SXTUSDT": 21,
  "ETHFIUSDT": 26,
  "RAREUSDT": 21,
  "JSTUSDT": 21,
  "MASAUSDT": 21,
  "CELRUSDT": 21,
  "BSWUSDT": 21,
  "FUELUSDT": 21,
  "SUNUSDT": 21,
  "GRTUSDT": 21,
  "SOLVUSDT": 21,
  "MVLUSDT": 21,
  "SKYAIUSDT": 21,
  "BICOUSDT": 21,
  "STXUSDT": 21,
  "PLUMEUSDT": 21,
  "IDEXUSDT": 21,
  "BROCCOLIUSDT": 21,
  "MAVIAUSDT": 21,
  "MERLUSDT": 21,
  "BANKUSDT": 21,
  "HYPERUSDT": 21,
  "CVCUSDT": 21,
  "HFTUSDT": 21,
  "PAXGUSDT": 21,
  "CPOOLUSDT": 21,
  "PERPUSDT": 21,
  "NEARUSDT": 21,
  "CTCUSDT": 21,
  "AXLUSDT": 21,
  "CELOUSDT": 21,
  "HIFIUSDT": 21,
  "SNXUSDT": 21,
  "CAKEUSDT": 21,
  "MOCAUSDT": 21,
  "MLNUSDT": 21,
  "COTIUSDT": 21,
  "PENDLEUSDT": 21,
  "PARTIUSDT": 21,
  "MORPHOUSDT": 21,
  "GLMUSDT": 21,
  "LSKUSDT": 21,
  "OBOLUSDT": 21,
  "ILVUSDT": 21,
  "SIRENUSDT": 21,
  "SSVUSDT": 21,
  "MKRUSDT": 21,
  "RENDERUSDT": 21,
  "KERNELUSDT": 21,
  "METISUSDT": 21,
  "BIGTIMEUSDT": 21,
  "GODSUSDT": 21,
  "KNCUSDT": 21,
  "GASUSDT": 21,
  "PUNDIXUSDT": 21,
  "RLCUSDT": 21,
  "ENSUSDT": 21,
  "INJUSDT": 21,
  "JOEUSDT": 21,
  "ORBSUSDT": 21,
  "ENJUSDT": 21,
  "DRIFTUSDT": 21,
  "NFPUSDT": 21,
  "REQUSDT": 21,
  "BLURUSDT": 21,
  "LQTYUSDT": 21,
  "COWUSDT": 21,
  "NKNUSDT": 21,
  "SFPUSDT": 21,
  "CHRUSDT": 21,
  "QNTUSDT": 21,
  "BALUSDT": 21,
  "DASHUSDT": 21,
  "PROMUSDT": 21,
  "MBOXUSDT": 21,
  "CROUSDT": 21,
  "RDNTUSDT": 21,
  "SXPUSDT": 21,
  "BNBUSDT": 21,
  "DBRUSDT": 21,
  "CTSIUSDT": 21,
  "DEXEUSDT": 21,
  "ORDERUSDT": 21,
  "CVXUSDT": 21,
  "FHEUSDT": 21,
  "BELUSDT": 21,
  "NMRUSDT": 21,
  "RPLUSDT": 21,
  "PROMPTUSDT": 21,
  "MNTUSDT": 21,
  "EIGENUSDT": 21,
  "DUSKUSDT": 21,
  "BNTUSDT": 21,
  "CGPTUSDT": 21,
  "STGUSDT": 21,
  "MAVUSDT": 21,
  "LRCUSDT": 21,
  "EDUUSDT": 21,
  "BAKEUSDT": 21,
  "FORTHUSDT": 21,
  "OXTUSDT": 21,
  "IMXUSDT": 21,
  "BANDUSDT": 21,
  "QUICKUSDT": 21,
  "FXSUSDT": 21,
  "AXSUSDT": 21,
  "SUPERUSDT": 21,
  "CTKUSDT": 21,
  "SUSHIUSDT": 21,
  "FTNUSDT": 21,
  "EPICUSDT": 21,
  "POWRUSDT": 21,
  "REDUSDT": 21,
  "COMPUSDT": 21,
  "OGNUSDT": 21,
  "STOUSDT": 21,
  "MAGICUSDT": 21,
  "PYRUSDT": 21,
  "BADGERUSDT": 21,
  "POLUSDT": 21,
  "GTCUSDT": 21,
  "SPECUSDT": 21,
  "BATUSDT": 21,
  "STORJUSDT": 21,
  "CARVUSDT": 21,
  "HOOKUSDT": 21,
  "HEIUSDT": 21,
  "HIGHUSDT": 21,
  "IOTXUSDT": 21,
  "RADUSDT": 21,
  "GMXUSDT": 21,
  "SOONUSDT": 21,
  "LPTUSDT": 21,
  "AUSDT": 21,
  "FUSDT": 21,
  "SQDUSDT": 21,
  "OLUSDT": 21,
  "C98USDT": 21,
  "LAUSDT": 21,
  "OMUSDT": 21,
  "IDUSDT": 21,
  "SDUSDT": 21,
  "A8USDT": 21,
  "BANANAS31USDT": 21,
  "BUSDT": 21,
  "B2USDT": 21,
  "BRUSDT": 21,
  "RSS3USDT": 21,
  "HOMEUSDT": 21,
  "AIUSDT": 21,
  "L3USDT": 21,
  "GUSDT": 21,
  "BBUSDT": 21,
  "API3USDT": 21,
  "DOLOUSDT": 13,
  "UMAUSDT": 21,
  "INSPUSDT": 13,
  "AEGUSDT": 13,
  "NAKAUSDT": 13,
  "LAYERUSDT": 13,
  "DUELUSDT": 13,
  "G3USDT": 13,
  "AKIUSDT": 13,
  "LUCEUSDT": 13,
  "BONKUSDT": 23,
  "PUFFUSDT": 13,
  "VRTXUSDT": 13,
  "NRNUSDT": 13,
  "MONUSDT": 13,
  "ASRRUSDT": 13,
  "VPADUSDT": 13,
  "STETHUSDT": 13,
  "YFIUSDT": 21,
  "TRBUSDT": 21,
  "MBXUSDT": 13,
  "ZKLUSDT": 13,
  "USDDUSDT": 13,
  "TRUMPUSDT": 21,
  "DMAILUSDT": 13,
  "USDTBUSDT": 13,
  "DEFIUSDT": 13,
  "SMILEUSDT": 13,
  "WWYUSDT": 13,
  "LMWRUSDT": 13,
  "AURORAUSDT": 13,
  "TUTUSDT": 21,
  "TOKENUSDT": 21,
  "APTRUSDT": 13,
  "G7USDT": 13,
  "ZROUSDT": 21,
  "CTAUSDT": 13,
  "ZORAUSDT": 21,
  "LAVAUSDT": 13,
  "MXUSDT": 13,
  "TSTUSDT": 13,
  "LFTUSDT": 13,
  "PIRATEUSDT": 13,
  "IZIUSDT": 13,
  "THNUSDT": 13,
  "ARTYUSDT": 13,
  "GALAXISUSDT": 13,
  "NEXOUSDT": 13,
  "LADYSUSDT": 13,
  "FTTUSDT": 13,
  "LLUSDT": 13,
  "ZEUSUSDT": 21,
  "TUSDT": 21,
  "USDRUSDT": 13,
  "GTAIUSDT": 13,
  "SFUNDUSDT": 13,
  "ESEUSDT": 13,
  "HTXUSDT": 13,
  "NLKUSDT": 13,
  "KILOUSDT": 13,
  "TLMUSDT": 21,
  "ZENTUSDT": 21,
  "SHIBUSDT": 13,
  "BTTUSDT": 13,
  "TRUUSDT": 21,
  "SHRAPUSDT": 13,
  "SALDUSDT": 13,
  "PINEYEUSDT": 13,
  "ZRCUSDT": 21,
  "DOMEUSDT": 13,
  "XZKUSDT": 13,
  "GAMEUSDT": 13,
  "HLGUSDT": 13,
  "VRUSDT": 21,
  "FLUIDUSDT": 13,
  "CUDISUSDT": 21,
  "TUSDUSDT": 13,
  "RPKUSDT": 13,
  "CMETHUSDT": 13,
  "WOOUSDT": 21,
  "TONUSDT": 21,
  "JEFFUSDT": 13,
  "TRXUSDT": 21,
  "NYMUSDT": 13,
  "NEIROUSDT": 13,
  "XARUSDT": 13,
  "XAIUSDT": 21,
  "TAIUSDT": 21,
  "HVHUSDT": 13,
  "GENEUSDT": 13,
  "ELDEUSDT": 13,
  "OMGUSDT": 13,
  "TIAUSDT": 21,
  "PURSEUSDT": 13,
  "TWTUSDT": 21,
  "KASTAUSDT": 13,
  "WAVESUSDT": 21,
  "XAUTUSDT": 21,
  "MOGUSDT": 13,
  "SIDUSUSDT": 13,
  "SONUSDT": 13,
  "THEUSDT": 21,
  "PSTAKEUSDT": 13,
  "RACAUSDT": 13,
  "NFTUSDT": 13,
  "GSWIFTUSDT": 13,
  "ROOTUSDT": 13,
  "MAKUSDT": 13,
  "XTERUSDT": 21,
  "LUNCUSDT": 13,
  "NUTSUSDT": 13,
  "USTCUSDT": 21,
  "XVGUSDT": 21,
  "USDYUSDT": 13,
  "VRAUSDT": 13,
  "MCRTUSDT": 13,
  "AFGUSDT": 13,
  "WAXPUSDT": 21,
  "VOXELUSDT": 21,
  "PFVSUSDT": 13,
  "TELUSDT": 13,
  "STARUSDT": 13,
  "PELLUSDT": 13,
  "YGGUSDT": 21,
  "APPUSDT": 13,
  "ZKJUSDT": 21,
  "VPRUSDT": 13,
  "FITFIUSDT": 13,
  "ACSUSDT": 13,
  "WENUSDT": 13,
  "SOSOUSDT": 13,
  "VANRYUSDT": 21,
  "VINUUSDT": 13,
  "PORT3USDT": 13,
  "CHRPUSDT": 13,
  "ZIGUSDT": 13,
  "USUALUSDT": 21,
  "UXLINKUSDT": 21,
  "MNRYUSDT": 13,
  "ZRXUSDT": 21,
  "XCADUSDT": 13,
  "COTUSDT": 13,
  "FLIPUSDT": 13,
  "ZETAUSDT": 21,
  "BABYDOGEUSDT": 13,
  "TRVLUSDT": 13,
  "PAWSUSDT": 13,
  "SISUSDT": 13,
  "ZILUSDT": 21,
  "XRPUSDT": 3,
  "SQTUSDT": 13,
  "VICUSDT": 21,
  "PAALUSDT": 13,
  "MVUSDT": 13,
  "TAIKOUSDT": 21,
  "MDAOUSDT": 13,
  "XCNUSDT": 21,
  "ORTUSDT": 13,
  "VELARUSDT": 13,
  "5IREUSDT": 13,
  "XIONUSDT": 21,
  "XNOUSDT": 21,
  "CAPSUSDT": 13,
  "MIXUSDT": 13,
  "OIKUSDT": 13,
  "WCTUSDT": 21,
  "WUSDT": 21,
  "APEXUSDT": 13,
  "EXVGUSDT": 13,
  "PIXFIUSDT": 13,
  "ZTXUSDT": 13,
  "XETAUSDT": 13,
  "ULTIUSDT": 13,
  "VELOUSDT": 21,
  "FETUSDT": 13,
  "MOJOUSDT": 13,
  "XVSUSDT": 21,
  "PEPEUSDT": 23,
  "ERTHAUSDT": 13,
  "WLDUSDT": 21,
  "MOZUSDT": 13,
  "CBKUSDT": 13,
  "QORPOUSDT": 13,
  "AARKUSDT": 13,
  "BCUTUSDT": 13,
  "DIAMUSDT": 13,
  "VIRTUALUSDT": 21,
  "TENETUSDT": 13,
  "AGLAUSDT": 13,
  "PBUXUSDT": 13,
  "PPTUSDT": 13,
  "PYUSDUSDT": 13,
  "TOMIUSDT": 13,
  "FMCUSDT": 13
}