{
  "report_type": "daily_summary",
  "date": "2025-06-07",
  "generated_at": "2025-06-07T10:33:14.945460+00:00",
  "statistics": {
    "total_scans": 232,
    "total_alerts": 0,
    "unique_symbols_scanned": 73,
    "unique_symbols_alerted": 0,
    "avg_score": 14.318965517241379,
    "max_score": 26,
    "high_score_count": 0
  },
  "top_performers": [
    {
      "symbol": "MOODENGUSDT",
      "timestamp": "2025-06-07T09:23:38.242674+00:00",
      "ppwcs_score": 26,
      "stage_minus2": true,
      "stage_minus1": {
        "strength": 23.076923076923077,
        "confidence": 0.0,
        "momentum": false,
        "volume_confirmed": false,
        "technical_alignment": false
      },
      "stage_1g": false
    },
    {
      "symbol": "CHILLGUYUSDT",
      "timestamp": "2025-06-07T09:23:38.250480+00:00",
      "ppwcs_score": 26,
      "stage_minus2": true,
      "stage_minus1": {
        "strength": 23.076923076923077,
        "confidence": 0.0,
        "momentum": false,
        "volume_confirmed": false,
        "technical_alignment": false
      },
      "stage_1g": false
    },
    {
      "symbol": "ATHUSDT",
      "timestamp": "2025-06-07T09:23:38.267156+00:00",
      "ppwcs_score": 26,
      "stage_minus2": true,
      "stage_minus1": {
        "strength": 23.076923076923077,
        "confidence": 0.0,
        "momentum": false,
        "volume_confirmed": false,
        "technical_alignment": false
      },
      "stage_1g": false
    },
    {
      "symbol": "GIGAUSDT",
      "timestamp": "2025-06-07T09:23:38.272826+00:00",
      "ppwcs_score": 26,
      "stage_minus2": true,
      "stage_minus1": {
        "strength": 23.076923076923077,
        "confidence": 0.0,
        "momentum": false,
        "volume_confirmed": false,
        "technical_alignment": false
      },
      "stage_1g": false
    },
    {
      "symbol": "FLOCKUSDT",
      "timestamp": "2025-06-07T09:23:38.301328+00:00",
      "ppwcs_score": 26,
      "stage_minus2": true,
      "stage_minus1": {
        "strength": 23.076923076923077,
        "confidence": 0.0,
        "momentum": false,
        "volume_confirmed": false,
        "technical_alignment": false
      },
      "stage_1g": false
    },
    {
      "symbol": "ENAUSDT",
      "timestamp": "2025-06-07T09:23:38.316274+00:00",
      "ppwcs_score": 26,
      "stage_minus2": true,
      "stage_minus1": {
        "strength": 23.076923076923077,
        "confidence": 0.0,
        "momentum": false,
        "volume_confirmed": false,
        "technical_alignment": false
      },
      "stage_1g": false
    },
    {
      "symbol": "BLASTUSDT",
      "timestamp": "2025-06-07T09:23:38.320713+00:00",
      "ppwcs_score": 26,
      "stage_minus2": true,
      "stage_minus1": {
        "strength": 23.076923076923077,
        "confidence": 0.0,
        "momentum": false,
        "volume_confirmed": false,
        "technical_alignment": false
      },
      "stage_1g": false
    },
    {
      "symbol": "GALAUSDT",
      "timestamp": "2025-06-07T09:23:38.340965+00:00",
      "ppwcs_score": 26,
      "stage_minus2": true,
      "stage_minus1": {
        "strength": 23.076923076923077,
        "confidence": 0.0,
        "momentum": false,
        "volume_confirmed": false,
        "technical_alignment": false
      },
      "stage_1g": false
    },
    {
      "symbol": "PHAUSDT",
      "timestamp": "2025-06-07T09:36:29.635250+00:00",
      "ppwcs_score": 26,
      "stage_minus2": true,
      "stage_minus1": {
        "strength": 23.076923076923077,
        "confidence": 0.0,
        "momentum": false,
        "volume_confirmed": false,
        "technical_alignment": false
      },
      "stage_1g": false
    },
    {
      "symbol": "FLOCKUSDT",
      "timestamp": "2025-06-07T09:36:29.638651+00:00",
      "ppwcs_score": 26,
      "stage_minus2": true,
      "stage_minus1": {
        "strength": 23.076923076923077,
        "confidence": 0.0,
        "momentum": false,
        "volume_confirmed": false,
        "technical_alignment": false
      },
      "stage_1g": false
    }
  ]
}